,lordo_speed,out_speed,volume,gaps,colb,gr,mano,h1,h2,h3,fr_cu_pm_nb,r1_p_b,tool,layers,ff_cf,sin_st,gr_cat
2119,209.6184281842818,192.5390243902439,5300.0,112.0,Q,80.0,1.3,1072.0,812,812,Smooth,,T5,4,CF,singolo,
2219,199.9411533131771,169.66065129755603,7000.0,112.0,Q,80.0,1.3,1072.0,8812,8812,Smooth,,T5,4,CF,singolo,
2319,188.09900734408356,119.67416767225723,5000.0,760.0,Q,54.0,1.1,1350.0,,,Groove,,T5,4,CF,singolo,"(0.0, 56.0]"
2419,167.56305114638448,103.49779541446208,4000.0,160.0,Q,65.0,0.94,1350.0,,,Groove,,T5,4,CF,singolo,"(56.0, 66.0]"
2519,192.82958443949153,155.0544977851479,5000.0,640.0,Q,54.0,1.1,1350.0,,,Groove,,T5,4,CF,singolo,"(0.0, 56.0]"
2719,97.3035613307271,69.80928451128987,1000.0,2160.0,N,50.0,1.17,1200.0,,,Groove,,T5,6,FF,singolo,"(0.0, 56.0]"
3019,195.62965213721944,179.62275292807783,12000.0,192.0,Q,70.0,1.25,1080.0,,,Groove,,T5,4,CF,singolo,"(66.0, 78.0]"
3119,248.04,193.76,1300.0,80.0,Q,54.0,1.1,1350.0,,,Groove,,T5,4,CF,singolo,"(0.0, 56.0]"
3219,306.0,225.3913043478261,2500.0,80.0,Q,70.0,1.25,1350.0,,,Groove,,T5,4,CF,singolo,"(66.0, 78.0]"
3319,154.79617924818146,119.12599130363311,4000.0,840.0,Q,65.0,0.94,1350.0,,,Groove,,T5,4,CF,singolo,"(56.0, 66.0]"
3419,83.15,65.98333333333333,4000.0,48.0,Q,65.0,1.0,810.0,,,Staple,,T5,4,CF,singolo,"(56.0, 66.0]"
3519,139.8095238095238,121.80952380952381,2500.0,48.0,Q,65.0,1.0,810.0,,,Staple,,T5,4,CF,singolo,"(56.0, 66.0]"
3619,121.93548387096773,66.4516129032258,2000.0,48.0,Q,65.0,1.0,810.0,,,Staple,,T5,4,CF,singolo,"(56.0, 66.0]"
3719,112.69848484848485,80.43787878787879,2000.0,64.0,Q,65.0,0.93,1080.0,,,Staple,,T5,4,CF,singolo,"(56.0, 66.0]"
3919,190.9513307342108,178.61209770922025,29000.0,896.0,Q,54.0,1.1,1350.0,1080,1080,Groove,,T5,4,CF,singolo,"(0.0, 56.0]"
4619,178.74258692414296,165.06000098157304,22000.0,1168.0,Q,54.0,1.1,1350.0,1080,1080,Groove,,T5,4,CF,singolo,"(0.0, 56.0]"
4719,322.4571150097466,257.4590643274854,5000.0,1024.0,Q,54.0,1.1,1350.0,1080,1080,Groove,,T5,4,CF,singolo,"(0.0, 56.0]"
9119,103.82335164835165,63.37380952380953,6100.0,96.0,Q,65.0,1.0,940.0,,,Staple,,T5,4,CF,singolo,"(56.0, 66.0]"
9219,177.8741341991342,143.07803030303032,5500.0,160.0,Q,65.0,1.0,1370.0,,,Groove,,T5,4,CF,singolo,"(56.0, 66.0]"
9919,147.32490991763896,124.38751509032747,4000.0,560.0,Q,55.0,1.1,1370.0,,,Groove,,T5,4,CF,singolo,"(0.0, 56.0]"
10519,164.37670304815683,149.47727057670895,6000.0,800.0,Q,65.0,0.94,1350.0,,,Groove,,T5,4,CF,singolo,"(56.0, 66.0]"
10619,179.97657475289054,166.62841485209907,6000.0,320.0,Q,65.0,0.94,1350.0,,,Groove,,T5,4,CF,singolo,"(56.0, 66.0]"
10719,250.73878205128204,218.875,6000.0,120.0,Q,65.0,0.94,1350.0,,,Groove,,T5,4,CF,singolo,"(56.0, 66.0]"
10819,175.81492187293273,129.51620045116562,2000.0,800.0,Q,65.0,0.94,1350.0,,,Groove,,T5,4,CF,singolo,"(56.0, 66.0]"
10919,174.0892565359477,124.59657543572983,2000.0,320.0,Q,65.0,0.94,1350.0,,,Groove,,T5,4,CF,singolo,"(56.0, 66.0]"
11019,214.83333333333331,151.33333333333334,2000.0,120.0,Q,65.0,0.94,1350.0,,,Groove,,T5,4,CF,singolo,"(56.0, 66.0]"
11119,185.51588986457406,151.7266485588854,6000.0,760.0,Q,65.0,0.94,1350.0,,,Groove,,T5,4,CF,singolo,"(56.0, 66.0]"
11219,189.47421990813874,147.09951857418585,6000.0,680.0,Q,65.0,0.94,1350.0,,,Groove,,T5,4,CF,singolo,"(56.0, 66.0]"
11319,242.02692307692308,206.74519230769232,6000.0,120.0,Q,65.0,0.94,1350.0,,,Groove,,T5,4,CF,singolo,"(56.0, 66.0]"
11419,141.3250268288188,106.31492965361345,2000.0,760.0,Q,65.0,0.94,1350.0,,,Groove,,T5,4,CF,singolo,"(56.0, 66.0]"
11519,159.81940029229645,94.40307337260906,2000.0,680.0,Q,65.0,0.94,1350.0,,,Groove,,T5,4,CF,singolo,"(56.0, 66.0]"
11619,208.4136957813428,152.92706476530006,2000.0,120.0,Q,65.0,0.94,1350.0,,,Groove,,T5,4,CF,singolo,"(56.0, 66.0]"
11719,192.18991435834653,176.75858569276693,6000.0,840.0,Q,65.0,0.94,1350.0,,,Groove,,T5,4,CF,singolo,"(56.0, 66.0]"
11719,192.18991435834653,176.75858569276693,6000.0,840.0,Q,65.0,0.94,1350.0,,,Groove,,T5,4,CF,singolo,"(56.0, 66.0]"
11719,192.18991435834653,176.75858569276693,6000.0,840.0,Q,65.0,0.94,1350.0,,,Groove,,T5,4,CF,singolo,"(56.0, 66.0]"
11719,192.18991435834653,176.75858569276693,6000.0,840.0,Q,65.0,0.94,1350.0,,,Groove,,T5,4,CF,singolo,"(56.0, 66.0]"
11819,163.53169711064447,139.61401439033017,6000.0,320.0,Q,65.0,0.94,1350.0,,,Groove,,T5,4,CF,singolo,"(56.0, 66.0]"
11819,163.53169711064447,139.61401439033017,6000.0,320.0,Q,65.0,0.94,1350.0,,,Groove,,T5,4,CF,singolo,"(56.0, 66.0]"
11819,163.53169711064447,139.61401439033017,6000.0,320.0,Q,65.0,0.94,1350.0,,,Groove,,T5,4,CF,singolo,"(56.0, 66.0]"
11819,163.53169711064447,139.61401439033017,6000.0,320.0,Q,65.0,0.94,1350.0,,,Groove,,T5,4,CF,singolo,"(56.0, 66.0]"
11919,167.17567659263733,125.61072536738882,2000.0,840.0,Q,65.0,0.94,1350.0,,,Groove,,T5,4,CF,singolo,"(56.0, 66.0]"
12019,166.27426568678732,115.49703209640947,2000.0,320.0,Q,65.0,0.94,1350.0,,,Groove,,T5,4,CF,singolo,"(56.0, 66.0]"
12119,151.14062499999997,76.35937499999999,5000.0,144.0,Q,65.0,0.94,1350.0,1080,1080,Groove,,T5,4,CF,singolo,"(56.0, 66.0]"
12219,167.5589432016938,112.13916965847372,4000.0,144.0,Q,65.0,0.94,1350.0,1080,1080,Groove,,T5,4,CF,singolo,"(56.0, 66.0]"
12319,113.35509304772177,47.83850904839365,4000.0,144.0,Q,65.0,0.94,1350.0,1080,1080,Groove,,T5,4,CF,singolo,"(56.0, 66.0]"
12419,164.75892857142856,137.85044642857142,4000.0,144.0,Q,65.0,0.94,1350.0,1080,1080,Groove,,T5,4,CF,singolo,"(56.0, 66.0]"
12519,200.91304347826087,141.6086956521739,3000.0,144.0,Q,65.0,0.94,1350.0,1080,1080,Groove,,T5,4,CF,singolo,"(56.0, 66.0]"
12619,130.37204557498674,90.55500794912558,3000.0,144.0,Q,65.0,0.94,1350.0,1080,1080,Groove,,T5,4,CF,singolo,"(56.0, 66.0]"
13219,150.6990379022422,125.48574655220939,5000.0,544.0,Q,65.0,0.94,1350.0,1080,1080,Groove,,T5,4,CF,singolo,"(56.0, 66.0]"
13319,173.35823344233268,157.11019080159704,5000.0,640.0,Q,65.0,0.94,1350.0,,,Groove,,T5,4,CF,singolo,"(56.0, 66.0]"
13419,108.49198717948718,83.57211538461539,5000.0,64.0,Q,65.0,0.93,1080.0,,,Staple,,T5,4,CF,singolo,"(56.0, 66.0]"
13519,144.94941898745358,120.47103725151652,5000.0,960.0,Q,65.0,0.94,1350.0,,,Groove,,T5,4,CF,singolo,"(56.0, 66.0]"
13619,161.57045135952293,134.87869115094958,5000.0,1080.0,Q,65.0,0.94,1350.0,,,Groove,,T5,4,CF,singolo,"(56.0, 66.0]"
13719,217.41666666666666,147.5,5000.0,64.0,Q,65.0,0.94,1080.0,,,Staple,,T5,4,CF,singolo,"(56.0, 66.0]"
13819,208.5249295954941,161.35443868407577,5000.0,200.0,Q,65.0,0.94,1350.0,,,Groove,,T5,4,CF,singolo,"(56.0, 66.0]"
14019,166.50635665409857,117.534554748181,4000.0,608.0,Q,65.0,0.94,1350.0,810,810,Groove,,T5,4,CF,singolo,"(56.0, 66.0]"
14119,184.6206896551724,152.89655172413794,4000.0,48.0,Q,65.0,1.0,810.0,,,Staple,,T5,4,CF,singolo,"(56.0, 66.0]"
14219,152.98278665587446,85.7493161677605,4000.0,800.0,Q,65.0,0.94,1350.0,,,Groove,,T5,4,CF,singolo,"(56.0, 66.0]"
14319,87.32900432900432,38.785353535353536,4000.0,48.0,Q,65.0,1.0,810.0,,,Staple,,T5,4,CF,singolo,"(56.0, 66.0]"
21019,94.5580065359477,52.002450980392155,1500.0,192.0,Q,60.0,1.0,1080.0,,,Groove,,T5,4,CF,singolo,"(56.0, 66.0]"
21419,132.52941176470586,81.29411764705881,,,,,,,,,,,,,,,
21519,217.4733445132439,182.07622979016168,1500.0,288.0,N,75.0,1.27,1170.0,,,Bulb,,T5,6,FF,singolo,"(66.0, 78.0]"
22419,122.97784037558685,80.58131008271855,,,,,,,,,,,,,,,
24319,137.23838726104285,125.02706518670564,30000.0,128.0,Q,70.0,1.0,1104.0,,,Staple,,T5,4,CF,singolo,"(66.0, 78.0]"
24419,151.91170686634376,111.88366818822927,40000.0,128.0,Q,70.0,1.24,1360.0,,,Staple,,T5,4,CF,singolo,"(66.0, 78.0]"
24419,151.91170686634376,111.88366818822927,40000.0,128.0,Q,70.0,1.24,1360.0,,,Staple,,T5,4,CF,singolo,"(66.0, 78.0]"
24419,151.91170686634376,111.88366818822927,40000.0,128.0,Q,70.0,1.24,1360.0,,,Staple,,T5,4,CF,singolo,"(66.0, 78.0]"
24419,151.91170686634376,111.88366818822927,40000.0,128.0,Q,70.0,1.24,1360.0,,,Staple,,T5,4,CF,singolo,"(66.0, 78.0]"
25019,174.53627713351176,148.0107047279215,8000.0,144.0,Q,54.0,1.1,1350.0,1080,1080,Groove,,T5,4,CF,singolo,"(0.0, 56.0]"
26219,109.06946671635087,74.61522926609071,850.0,1872.0,N+1,37.0,1.2,1264.0,,,Smooth,P661C,T5,6,FF,singolo,"(0.0, 56.0]"
29019,119.67045399876774,90.88189808338534,2200.0,3160.0,N+1,32.0,1.15,1372.0,,,Groove,P485,T5,4,FF,stecca,"(0.0, 56.0]"
29819,98.38792688792688,78.30399230399229,1000.0,576.0,N,70.0,1.3,1100.0,,,Smooth,,T5,4,CF,singolo,"(66.0, 78.0]"
30219,119.3321978671181,99.87246736005113,8000.0,192.0,Q,70.0,1.25,1080.0,,,Groove,,T5,4,CF,singolo,"(66.0, 78.0]"
30419,154.5279875535733,135.81399237920442,5000.0,1168.0,Q,54.0,1.1,1350.0,1080,1080,Groove,,T5,4,CF,singolo,"(0.0, 56.0]"
30519,135.05272473195149,128.33100420750412,20000.0,272.0,Q,54.0,1.1,1350.0,1080,1080,Groove,,T5,4,CF,singolo,"(0.0, 56.0]"
31519,148.5929809977604,114.39574074312125,4000.0,560.0,Q,65.0,1.1,1350.0,,,Groove,,T5,4,CF,singolo,"(56.0, 66.0]"
31619,139.22309941520467,87.6842105263158,4000.0,160.0,Q,65.0,1.1,1350.0,,,Groove,,T5,4,CF,singolo,"(56.0, 66.0]"
32119,126.24868856633562,94.29508888084739,1500.0,880.0,Q,55.0,1.1,1370.0,,,Groove,,T5,4,CF,singolo,"(0.0, 56.0]"
32219,136.02083333333331,86.9375,1500.0,128.0,Q,80.0,0.81,1080.0,,,Groove,,T5,4,CF,singolo,
32319,109.51782765737873,76.05897832817337,1500.0,256.0,Q,80.0,1.0,1080.0,,,Groove,,T5,4,CF,singolo,
33019,158.00559790117094,121.41402933132434,10500.0,608.0,Q,65.0,0.94,1350.0,810,810,Groove,,T5,4,CF,singolo,"(56.0, 66.0]"
33219,177.80758458850858,166.15115281583238,3000.0,720.0,Q,65.0,0.94,1350.0,,,Groove,,T5,4,CF,singolo,"(56.0, 66.0]"
33319,145.24404761904762,77.58095238095238,3000.0,128.0,Q,65.0,0.93,1080.0,,,Groove,,T5,4,CF,singolo,"(56.0, 66.0]"
33419,202.80734844876295,128.6065912458898,3000.0,592.0,Q,65.0,0.94,1350.0,1080,1080,Groove,,T5,4,CF,singolo,"(56.0, 66.0]"
34819,132.77299373490123,107.22215062681425,30000.0,128.0,Q,70.0,1.0,1104.0,,,Staple,,T5,4,CF,singolo,"(66.0, 78.0]"
34919,132.7644439195927,113.5005216218726,20000.0,128.0,Q,70.0,1.0,1104.0,,,Staple,,T5,4,CF,singolo,"(66.0, 78.0]"
35019,184.5017403894594,166.77135653231147,30000.0,128.0,Q,70.0,1.0,1104.0,,,Staple,,T5,4,CF,singolo,"(66.0, 78.0]"
35119,190.0551181102362,173.007874015748,20000.0,128.0,Q,70.0,1.0,1104.0,,,Staple,,T5,4,CF,singolo,"(66.0, 78.0]"
42719,143.2325550187869,123.58937198067633,2800.0,112.0,Q,80.0,1.3,1072.0,812,812,Smooth,,T5,4,CF,singolo,
42819,200.61,181.95000000000002,5000.0,112.0,Q,80.0,1.3,1072.0,812,812,Smooth,,T5,4,CF,singolo,
43119,252.95017105896042,222.17959243902777,18200.0,240.0,Q,80.0,0.92,1300.0,,,Groove,,T5,4,CF,singolo,
44719,154.60340351160386,109.3581379693326,7000.0,800.0,Q,54.0,1.1,1350.0,,,Groove,,T5,4,CF,singolo,"(0.0, 56.0]"
45319,150.39685768310926,76.04505989998731,1200.0,336.0,N,75.0,1.27,1360.0,,,Bulb,,T5,6,FF,singolo,"(66.0, 78.0]"
45519,205.95763888888885,177.35,2500.0,216.0,N+1,75.0,1.27,1170.0,,,Bulb,P:207U,T5,6,FF,singolo,"(66.0, 78.0]"
45819,941.6326628681098,779.9890627839112,5500.0,800.0,Q,53.0,1.05,1350.0,,,Groove,,T5,4,CF,singolo,"(0.0, 56.0]"
45919,134.67895133472683,100.57633710884804,8000.0,880.0,Q,54.0,1.1,1350.0,,,Groove,,T5,4,CF,singolo,"(0.0, 56.0]"
46319,208.92620475289894,144.23551531810205,3000.0,160.0,N,80.0,1.3,1320.0,,,Groove,,T5,4,CF,singolo,
48419,275.57609809621886,236.06657609971637,20800.0,640.0,Q,80.0,0.92,1300.0,,,Groove,,T5,4,CF,singolo,
48619,147.62592669470914,105.39641891127447,7000.0,1240.0,Q,50.0,1.08,1350.0,,,Groove,,T5,4,CF,singolo,"(0.0, 56.0]"
50119,161.41935483870967,152.4516129032258,9000.0,64.0,Q,55.0,1.1,1200.0,,,Staple,,T5,4,CF,singolo,"(0.0, 56.0]"
53319,154.8547533016139,124.09809496379197,3100.0,320.0,Q,90.0,1.3,1372.0,,,Smooth,,T5,4,CF,singolo,
54519,150.4350774789799,91.62910673337504,3500.0,320.0,Q,80.0,1.24,1350.0,,,Groove,,T5,4,CF,singolo,
54619,244.25957042878727,205.30472969916482,4500.0,360.0,Q,80.0,1.24,1350.0,,,Groove,,T5,4,CF,singolo,
55419,127.38511040779949,92.13203705724713,1200.0,880.0,N+1,55.0,1.1,1370.0,,,Groove,P2935,T5,4,FF,stecca,"(0.0, 56.0]"
55619,200.5160984848485,169.9848484848485,5000.0,200.0,Q,80.0,2.0,1200.0,,,Smooth,,T5,4,CF,stecca,
56319,120.30873349339734,80.26390556222488,3500.0,360.0,Q,80.0,1.0,1350.0,,,Groove,,T5,4,CF,singolo,
56419,149.74142218694453,130.47122211799325,4000.0,720.0,Q,54.0,1.05,1350.0,,,Groove,,T5,4,CF,singolo,"(0.0, 56.0]"
58019,221.34013605442175,151.51360544217687,5000.0,200.0,Q,80.0,2.0,1200.0,,,Smooth,,T5,4,CF,stecca,
58519,214.4220779220779,203.2398538961039,27000.0,96.0,Q,70.0,1.25,1080.0,,,Groove,,T5,4,CF,singolo,"(66.0, 78.0]"
58619,147.72091239468352,130.88634873826467,26400.0,672.0,Q,54.0,1.1,1350.0,1080,1080,Groove,,T5,4,CF,singolo,"(0.0, 56.0]"
58919,131.90050203468317,92.53760477062042,1700.0,840.0,Q,80.0,0.92,1300.0,,,Groove,,T5,4,CF,singolo,
59019,165.41282610069928,144.45414849268315,26500.0,736.0,Q,54.0,1.1,1350.0,1080,1080,Groove,,T5,4,CF,singolo,"(0.0, 56.0]"
59219,127.0555336414839,94.57233809375113,1700.0,840.0,Q,80.0,0.92,1300.0,,,Groove,,T5,4,CF,singolo,
59519,159.8413347925873,121.66826160556795,17000.0,96.0,Q,70.0,1.25,1080.0,,,Groove,,T5,4,CF,singolo,"(66.0, 78.0]"
59619,155.04719944203094,138.3905874630186,8000.0,128.0,N,70.0,1.25,1080.0,,,Groove,,T5,4,CF,singolo,"(66.0, 78.0]"
59819,116.86037295450579,82.28906840874946,5000.0,320.0,Q,65.0,0.94,1350.0,,,Groove,,T5,4,CF,singolo,"(56.0, 66.0]"
61319,267.398633240603,185.94534075176296,5000.0,240.0,Q,90.0,1.24,1372.0,,,Smooth,,T5,4,CF,singolo,
62719,175.77011494252875,164.49425287356323,7700.0,80.0,Q,54.0,1.1,1350.0,,,Staple,,T5,4,CF,singolo,"(0.0, 56.0]"
62919,158.5879132574535,130.57060201753688,3300.0,672.0,Q,54.0,1.1,1350.0,1080,1080,Groove,,T5,4,CF,singolo,"(0.0, 56.0]"
65519,121.43666372760896,103.6121112120432,3600.0,800.0,Q,54.0,1.1,1350.0,,,Groove,,T5,4,CF,singolo,"(0.0, 56.0]"
67019,156.57438555294817,136.32516372597257,9200.0,608.0,Q,60.0,1.0,1350.0,1080,1080,Groove,,T5,4,CF,singolo,"(56.0, 66.0]"
67119,145.0767102600096,132.6586674244885,43000.0,720.0,Q,65.0,0.94,1350.0,,,Groove,,T5,4,CF,singolo,"(56.0, 66.0]"
67119,145.0767102600096,132.6586674244885,43000.0,720.0,Q,65.0,0.94,1350.0,,,Groove,,T5,4,CF,singolo,"(56.0, 66.0]"
67119,145.0767102600096,132.6586674244885,43000.0,720.0,Q,65.0,0.94,1350.0,,,Groove,,T5,4,CF,singolo,"(56.0, 66.0]"
67119,145.0767102600096,132.6586674244885,43000.0,720.0,Q,65.0,0.94,1350.0,,,Groove,,T5,4,CF,singolo,"(56.0, 66.0]"
67219,159.64611503660302,120.08116395601449,43000.0,128.0,Q,65.0,0.93,1080.0,,,Groove,,T5,4,CF,singolo,"(56.0, 66.0]"
67219,159.64611503660302,120.08116395601449,43000.0,128.0,Q,65.0,0.93,1080.0,,,Groove,,T5,4,CF,singolo,"(56.0, 66.0]"
67219,159.64611503660302,120.08116395601449,43000.0,128.0,Q,65.0,0.93,1080.0,,,Groove,,T5,4,CF,singolo,"(56.0, 66.0]"
67219,159.64611503660302,120.08116395601449,43000.0,128.0,Q,65.0,0.93,1080.0,,,Groove,,T5,4,CF,singolo,"(56.0, 66.0]"
67319,151.509803479491,139.87875165248622,43000.0,592.0,Q,65.0,0.94,1350.0,1080,1080,Groove,,T5,4,CF,singolo,"(56.0, 66.0]"
67319,151.509803479491,139.87875165248622,43000.0,592.0,Q,65.0,0.94,1350.0,1080,1080,Groove,,T5,4,CF,singolo,"(56.0, 66.0]"
67319,151.509803479491,139.87875165248622,43000.0,592.0,Q,65.0,0.94,1350.0,1080,1080,Groove,,T5,4,CF,singolo,"(56.0, 66.0]"
67319,151.509803479491,139.87875165248622,43000.0,592.0,Q,65.0,0.94,1350.0,1080,1080,Groove,,T5,4,CF,singolo,"(56.0, 66.0]"
67619,171.59291177583827,158.52212107981404,52000.0,848.0,Q,65.0,0.94,1350.0,1080,1080,Groove,,T5,4,CF,singolo,"(56.0, 66.0]"
67619,171.59291177583827,158.52212107981404,52000.0,848.0,Q,65.0,0.94,1350.0,1080,1080,Groove,,T5,4,CF,singolo,"(56.0, 66.0]"
67619,171.59291177583827,158.52212107981404,52000.0,848.0,Q,65.0,0.94,1350.0,1080,1080,Groove,,T5,4,CF,singolo,"(56.0, 66.0]"
67619,171.59291177583827,158.52212107981404,52000.0,848.0,Q,65.0,0.94,1350.0,1080,1080,Groove,,T5,4,CF,singolo,"(56.0, 66.0]"
67619,171.59291177583827,158.52212107981404,52000.0,848.0,Q,65.0,0.94,1350.0,1080,1080,Groove,,T5,4,CF,singolo,"(56.0, 66.0]"
67619,171.59291177583827,158.52212107981404,52000.0,848.0,Q,65.0,0.94,1350.0,1080,1080,Groove,,T5,4,CF,singolo,"(56.0, 66.0]"
67619,171.59291177583827,158.52212107981404,52000.0,848.0,Q,65.0,0.94,1350.0,1080,1080,Groove,,T5,4,CF,singolo,"(56.0, 66.0]"
67619,171.59291177583827,158.52212107981404,52000.0,848.0,Q,65.0,0.94,1350.0,1080,1080,Groove,,T5,4,CF,singolo,"(56.0, 66.0]"
67619,171.59291177583827,158.52212107981404,52000.0,848.0,Q,65.0,0.94,1350.0,1080,1080,Groove,,T5,4,CF,singolo,"(56.0, 66.0]"
67719,181.51584353210157,160.57146339798558,52000.0,192.0,Q,65.0,0.94,1350.0,1080,1080,Groove,,T5,4,CF,singolo,"(56.0, 66.0]"
67719,181.51584353210157,160.57146339798558,52000.0,192.0,Q,65.0,0.94,1350.0,1080,1080,Groove,,T5,4,CF,singolo,"(56.0, 66.0]"
67719,181.51584353210157,160.57146339798558,52000.0,192.0,Q,65.0,0.94,1350.0,1080,1080,Groove,,T5,4,CF,singolo,"(56.0, 66.0]"
67719,181.51584353210157,160.57146339798558,52000.0,192.0,Q,65.0,0.94,1350.0,1080,1080,Groove,,T5,4,CF,singolo,"(56.0, 66.0]"
67719,181.51584353210157,160.57146339798558,52000.0,192.0,Q,65.0,0.94,1350.0,1080,1080,Groove,,T5,4,CF,singolo,"(56.0, 66.0]"
67719,181.51584353210157,160.57146339798558,52000.0,192.0,Q,65.0,0.94,1350.0,1080,1080,Groove,,T5,4,CF,singolo,"(56.0, 66.0]"
67719,181.51584353210157,160.57146339798558,52000.0,192.0,Q,65.0,0.94,1350.0,1080,1080,Groove,,T5,4,CF,singolo,"(56.0, 66.0]"
67719,181.51584353210157,160.57146339798558,52000.0,192.0,Q,65.0,0.94,1350.0,1080,1080,Groove,,T5,4,CF,singolo,"(56.0, 66.0]"
67719,181.51584353210157,160.57146339798558,52000.0,192.0,Q,65.0,0.94,1350.0,1080,1080,Groove,,T5,4,CF,singolo,"(56.0, 66.0]"
68019,166.22164323825433,143.29733276336137,52000.0,128.0,Q,65.0,0.93,1080.0,,,Smooth,,T5,4,CF,singolo,"(56.0, 66.0]"
68019,166.22164323825433,143.29733276336137,52000.0,128.0,Q,65.0,0.93,1080.0,,,Smooth,,T5,4,CF,singolo,"(56.0, 66.0]"
68019,166.22164323825433,143.29733276336137,52000.0,128.0,Q,65.0,0.93,1080.0,,,Smooth,,T5,4,CF,singolo,"(56.0, 66.0]"
68019,166.22164323825433,143.29733276336137,52000.0,128.0,Q,65.0,0.93,1080.0,,,Smooth,,T5,4,CF,singolo,"(56.0, 66.0]"
68019,166.22164323825433,143.29733276336137,52000.0,128.0,Q,65.0,0.93,1080.0,,,Smooth,,T5,4,CF,singolo,"(56.0, 66.0]"
68019,166.22164323825433,143.29733276336137,52000.0,128.0,Q,65.0,0.93,1080.0,,,Smooth,,T5,4,CF,singolo,"(56.0, 66.0]"
68019,166.22164323825433,143.29733276336137,52000.0,128.0,Q,65.0,0.93,1080.0,,,Smooth,,T5,4,CF,singolo,"(56.0, 66.0]"
68019,166.22164323825433,143.29733276336137,52000.0,128.0,Q,65.0,0.93,1080.0,,,Smooth,,T5,4,CF,singolo,"(56.0, 66.0]"
68019,166.22164323825433,143.29733276336137,52000.0,128.0,Q,65.0,0.93,1080.0,,,Smooth,,T5,4,CF,singolo,"(56.0, 66.0]"
68319,152.56756756756758,95.62162162162163,2500.0,64.0,Q,60.0,1.0,1080.0,,,Staple,,T5,4,CF,singolo,"(56.0, 66.0]"
68519,60.538888888888884,50.964285714285715,4000.0,80.0,Q,60.0,1.0,1350.0,,,Staple,,T5,4,CF,singolo,"(56.0, 66.0]"
70919,251.44432470062023,176.40570210226815,1200.0,400.0,N,90.0,1.24,1190.0,,,Smooth,,T5,4,CF,singolo,
71419,136.93607079416566,103.97732737267752,1500.0,600.0,Q,55.0,1.0,1370.0,,,Groove,,T5,4,CF,singolo,"(0.0, 56.0]"
71519,105.5568048910154,68.84128826969385,1500.0,400.0,Q,55.0,1.1,1370.0,,,Groove,,T5,4,CF,singolo,"(0.0, 56.0]"
71619,152.06913586413586,124.76307692307692,3000.0,680.0,Q,55.0,1.1,1370.0,,,Groove,,T5,4,CF,singolo,"(0.0, 56.0]"
73919,229.87371651785716,174.34788511242044,7000.0,272.0,N,70.0,1.25,1350.0,1080,1080,Groove,,T5,4,CF,singolo,"(66.0, 78.0]"
76619,204.94079419270216,173.05587826835514,5000.0,440.0,Q,80.0,1.24,1350.0,,,Groove,,T5,4,CF,singolo,
76919,149.77347901410542,124.99917838259258,4000.0,800.0,Q,54.0,1.05,1350.0,,,Groove,,T5,4,CF,singolo,"(0.0, 56.0]"
77019,160.01711093156482,142.62263529094918,6000.0,480.0,Q,70.0,1.0,1350.0,,,Groove,,T5,4,CF,singolo,"(66.0, 78.0]"
78919,202.7593571552491,172.36303767570763,13000.0,368.0,Q,90.0,1.24,1340.0,1080,1080,Groove,,T5,4,CF,singolo,
79019,157.53189530302782,124.7621503619284,10000.0,656.0,Q,52.0,1.15,1350.0,1080,1080,Groove,,T5,4,CF,singolo,"(0.0, 56.0]"
79619,39.52953980099502,25.88432835820895,6000.0,96.0,Q,100.0,1.24,800.0,,,Smooth,,T5,4,FF,stecca,
79719,186.47383020560457,180.22288195364692,31000.0,400.0,Q,52.0,1.15,1350.0,,,Groove,,T5,4,CF,singolo,"(0.0, 56.0]"
79719,186.47383020560457,180.22288195364692,31000.0,400.0,Q,52.0,1.15,1350.0,,,Groove,,T5,4,CF,singolo,"(0.0, 56.0]"
79719,186.47383020560457,180.22288195364692,31000.0,400.0,Q,52.0,1.15,1350.0,,,Groove,,T5,4,CF,singolo,"(0.0, 56.0]"
79719,186.47383020560457,180.22288195364692,31000.0,400.0,Q,52.0,1.15,1350.0,,,Groove,,T5,4,CF,singolo,"(0.0, 56.0]"
83919,166.14887350979996,141.25566781167913,29000.0,816.0,Q,60.0,1.0,1350.0,1080,1080,Groove,,T5,4,CF,singolo,"(56.0, 66.0]"
83919,166.14887350979996,141.25566781167913,29000.0,816.0,Q,60.0,1.0,1350.0,1080,1080,Groove,,T5,4,CF,singolo,"(56.0, 66.0]"
83919,166.14887350979996,141.25566781167913,29000.0,816.0,Q,60.0,1.0,1350.0,1080,1080,Groove,,T5,4,CF,singolo,"(56.0, 66.0]"
83919,166.14887350979996,141.25566781167913,29000.0,816.0,Q,60.0,1.0,1350.0,1080,1080,Groove,,T5,4,CF,singolo,"(56.0, 66.0]"
84219,246.43315620951927,196.55814291590116,29000.0,496.0,Q,70.0,1.3,1350.0,1080,1080,Groove,,T5,4,CF,singolo,"(66.0, 78.0]"
84219,246.43315620951927,196.55814291590116,29000.0,496.0,Q,70.0,1.3,1350.0,1080,1080,Groove,,T5,4,CF,singolo,"(66.0, 78.0]"
84219,246.43315620951927,196.55814291590116,29000.0,496.0,Q,70.0,1.3,1350.0,1080,1080,Groove,,T5,4,CF,singolo,"(66.0, 78.0]"
84219,246.43315620951927,196.55814291590116,29000.0,496.0,Q,70.0,1.3,1350.0,1080,1080,Groove,,T5,4,CF,singolo,"(66.0, 78.0]"
85619,143.51237369393974,107.69987716865938,1600.0,720.0,Q,54.0,1.0,1370.0,,,Groove,,T5,4,CF,singolo,"(0.0, 56.0]"
85719,123.78740379834129,91.29898215523215,1600.0,240.0,Q,55.0,1.1,1370.0,,,Groove,,T5,4,CF,singolo,"(0.0, 56.0]"
85819,124.50473684210526,72.58684210526316,1600.0,400.0,Q,55.0,1.0,1370.0,,,Groove,,T5,4,CF,singolo,"(0.0, 56.0]"
86119,157.7356300227353,143.40722346840772,5200.0,800.0,Q,54.0,1.0,1370.0,,,Groove,,T5,4,CF,singolo,"(0.0, 56.0]"
86219,219.56695376695376,197.79023364023362,5500.0,280.0,Q,54.0,1.0,1370.0,,,Groove,,T5,4,CF,singolo,"(0.0, 56.0]"
86319,150.78500644793846,128.29717471276803,2500.0,1040.0,Q,55.0,1.1,1370.0,,,Groove,,T5,4,CF,singolo,"(0.0, 56.0]"
86419,88.02142857142857,33.128571428571426,800.0,920.0,Q,55.0,1.1,1370.0,,,Groove,,T5,4,CF,singolo,"(0.0, 56.0]"
86519,133.90804597701148,120.0,3300.0,240.0,Q,55.0,1.1,1370.0,,,Groove,,T5,4,CF,singolo,"(0.0, 56.0]"
86619,169.90599933057027,135.92603253390655,3600.0,720.0,Q,55.0,1.0,1370.0,,,Groove,,T5,4,CF,singolo,"(0.0, 56.0]"
86719,176.74858732176915,137.37530772258046,3600.0,680.0,Q,55.0,1.1,1370.0,,,Groove,,T5,4,CF,singolo,"(0.0, 56.0]"
86819,125.24706865103698,95.63925421010424,3600.0,288.0,Q,55.0,1.0,1370.0,822,822,Groove,,T5,4,CF,singolo,"(0.0, 56.0]"
86919,176.68140645772223,160.75581873739768,5500.0,1000.0,Q,54.0,1.0,1370.0,,,Groove,,T5,4,CF,singolo,"(0.0, 56.0]"
89519,287.61519169666667,202.61450815948643,24000.0,400.0,Q,80.0,1.27,1350.0,,,Groove,,T5,4,CF,singolo,
89619,307.28382385996065,242.33256211569318,16000.0,440.0,Q,80.0,1.27,1350.0,,,Groove,,T5,4,CF,singolo,
89719,300.1434551821081,274.2337926228037,11000.0,400.0,Q,80.0,1.27,1350.0,,,Groove,,T5,4,CF,singolo,
89819,289.49534537554814,245.64655965455736,7000.0,200.0,Q,80.0,1.27,1350.0,,,Groove,,T5,4,CF,singolo,
90519,144.62231624507567,100.74958316316807,8100.0,344.0,Q,55.0,1.0,1370.0,1100,1100,Groove,,T5,4,CF,singolo,"(0.0, 56.0]"
90619,169.34782608695653,148.56521739130434,3200.0,328.0,Q,55.0,1.0,1370.0,822,822,Groove,,T5,4,CF,singolo,"(0.0, 56.0]"
90719,93.11774086840691,82.23359301602719,8100.0,464.0,Q,55.0,1.3,1370.0,1100,1100,Groove,,T5,4,CF,singolo,"(0.0, 56.0]"
90819,252.74121286139578,150.29705089012768,9800.0,200.0,Q,55.0,1.0,1370.0,,,Groove,,T5,4,CF,singolo,"(0.0, 56.0]"
90919,181.56521739130434,150.97101449275362,9800.0,48.0,Q,55.0,1.3,840.0,,,Staple,,T5,4,CF,singolo,"(0.0, 56.0]"
91019,129.30303030303028,101.84848484848483,3200.0,48.0,Q,55.0,1.0,840.0,,,Staple,,T5,4,CF,singolo,"(0.0, 56.0]"
91219,180.1263730858148,121.41875528864506,3200.0,328.0,Q,55.0,1.0,1370.0,822,822,Groove,,T5,4,CF,singolo,"(0.0, 56.0]"
91419,143.09423296555917,112.17468000703619,13000.0,504.0,Q,55.0,1.0,1370.0,822,822,Groove,,T5,4,CF,singolo,"(0.0, 56.0]"
91419,143.09423296555917,112.17468000703619,13000.0,504.0,Q,55.0,1.0,1370.0,822,822,Groove,,T5,4,CF,singolo,"(0.0, 56.0]"
91419,143.09423296555917,112.17468000703619,13000.0,504.0,Q,55.0,1.0,1370.0,822,822,Groove,,T5,4,CF,singolo,"(0.0, 56.0]"
91419,143.09423296555917,112.17468000703619,13000.0,504.0,Q,55.0,1.0,1370.0,822,822,Groove,,T5,4,CF,singolo,"(0.0, 56.0]"
91419,143.09423296555917,112.17468000703619,13000.0,504.0,Q,55.0,1.0,1370.0,822,822,Groove,,T5,4,CF,singolo,"(0.0, 56.0]"
91419,143.09423296555917,112.17468000703619,13000.0,504.0,Q,55.0,1.0,1370.0,822,822,Groove,,T5,4,CF,singolo,"(0.0, 56.0]"
91419,143.09423296555917,112.17468000703619,13000.0,504.0,Q,55.0,1.0,1370.0,822,822,Groove,,T5,4,CF,singolo,"(0.0, 56.0]"
91419,143.09423296555917,112.17468000703619,13000.0,504.0,Q,55.0,1.0,1370.0,822,822,Groove,,T5,4,CF,singolo,"(0.0, 56.0]"
91419,143.09423296555917,112.17468000703619,13000.0,504.0,Q,55.0,1.0,1370.0,822,822,Groove,,T5,4,CF,singolo,"(0.0, 56.0]"
91519,186.25105485232066,86.22784810126582,13000.0,48.0,Q,55.0,1.0,840.0,,,Staple,,T5,4,CF,singolo,"(0.0, 56.0]"
91519,186.25105485232066,86.22784810126582,13000.0,48.0,Q,55.0,1.0,840.0,,,Staple,,T5,4,CF,singolo,"(0.0, 56.0]"
91519,186.25105485232066,86.22784810126582,13000.0,48.0,Q,55.0,1.0,840.0,,,Staple,,T5,4,CF,singolo,"(0.0, 56.0]"
91519,186.25105485232066,86.22784810126582,13000.0,48.0,Q,55.0,1.0,840.0,,,Staple,,T5,4,CF,singolo,"(0.0, 56.0]"
91519,186.25105485232066,86.22784810126582,13000.0,48.0,Q,55.0,1.0,840.0,,,Staple,,T5,4,CF,singolo,"(0.0, 56.0]"
91519,186.25105485232066,86.22784810126582,13000.0,48.0,Q,55.0,1.0,840.0,,,Staple,,T5,4,CF,singolo,"(0.0, 56.0]"
91519,186.25105485232066,86.22784810126582,13000.0,48.0,Q,55.0,1.0,840.0,,,Staple,,T5,4,CF,singolo,"(0.0, 56.0]"
91519,186.25105485232066,86.22784810126582,13000.0,48.0,Q,55.0,1.0,840.0,,,Staple,,T5,4,CF,singolo,"(0.0, 56.0]"
91519,186.25105485232066,86.22784810126582,13000.0,48.0,Q,55.0,1.0,840.0,,,Staple,,T5,4,CF,singolo,"(0.0, 56.0]"
91619,176.31034482758622,149.24137931034483,4000.0,48.0,Q,55.0,1.0,840.0,,,Staple,,T5,4,CF,singolo,"(0.0, 56.0]"
97319,188.45319786426023,152.00170275986105,5000.0,840.0,Q,55.0,1.0,1370.0,,,Groove,,T5,4,CF,singolo,"(0.0, 56.0]"
97719,249.72019323671495,194.74082600069013,5000.0,400.0,Q,80.0,1.27,1300.0,,,Groove,,T5,4,CF,singolo,
97819,135.00053834398443,120.57111350375105,5800.0,160.0,Q,90.0,2.0,960.0,,,Smooth,,T5,4,CF,stecca,
97919,144.32890711518087,103.56089585627439,5800.0,160.0,Q,90.0,2.0,960.0,,,Smooth,,T5,4,CF,stecca,
98419,138.25306104206396,88.56744316992612,52000.0,160.0,Q,65.0,1.0,1370.0,,,Groove,,T5,4,CF,singolo,"(56.0, 66.0]"
100019,159.59280513059923,137.5969143683114,3500.0,680.0,Q,55.0,1.0,1370.0,,,Groove,,T5,4,CF,singolo,"(0.0, 56.0]"
101219,139.91759913967755,97.67760870639974,1800.0,240.0,N,75.0,1.24,1360.0,,,Bulb,,T5,6,FF,singolo,"(66.0, 78.0]"
101319,244.57999999999998,199.845,2000.0,192.0,N,75.0,1.24,1360.0,,,Bulb,,T5,6,FF,singolo,"(66.0, 78.0]"
101619,93.65295620632902,51.58059775844444,8000.0,288.0,N+1,90.0,1.24,1372.0,,,Bulb,P. BLUE,T5,6,FF,singolo,
104419,197.5054804182744,168.33091214426722,3500.0,360.0,N+1,75.0,1.24,1170.0,,,Bulb,BLU-P300U,T5,6,FF,singolo,"(66.0, 78.0]"
105219,309.017131211868,248.39623237386397,6000.0,480.0,Q,80.0,1.27,1300.0,,,Groove,,T5,4,CF,singolo,
105319,123.23478192387006,85.5118093699396,4800.0,520.0,Q,80.0,1.24,1300.0,,,Groove,,T5,4,CF,singolo,
105519,102.50008622043897,53.843749981984864,,,,,,,,,,,,,,,
108319,193.08391417417604,137.69637971900875,4000.0,864.0,N+1,70.0,1.3,1372.0,,,Smooth,P072,T5,6,FF,2stecca,"(66.0, 78.0]"
110419,273.61758893280637,249.4594861660079,2500.0,192.0,N,75.0,1.24,1360.0,,,Bulb,,T5,6,FF,singolo,"(66.0, 78.0]"
110519,228.03912466843502,195.59018567639257,2500.0,144.0,N,75.0,1.27,1170.0,,,Bulb,,T5,6,FF,singolo,"(66.0, 78.0]"
112319,93.91647345875285,76.58531509450627,3000.0,736.0,1,52.0,1.56,1372.0,"823,2","823,2",Smooth,P286,T5,4,FF,stecca,"(0.0, 56.0]"
112419,204.3395384059833,161.94589329240767,3000.0,720.0,1,52.0,1.56,1372.0,,,Smooth,P287,T5,6,FF,2stecca,"(0.0, 56.0]"
112619,240.32910622019074,215.82243640699522,3500.0,384.0,N+1,75.0,1.24,1360.0,,,Bulb,CYAN,T5,6,FF,singolo,"(66.0, 78.0]"
112719,247.4061827956989,226.09301075268817,3500.0,288.0,N+1,75.0,1.24,1360.0,,,Bulb,CYAN,T5,6,FF,singolo,"(66.0, 78.0]"
112819,106.48601760780069,49.78205373058314,2500.0,192.0,N+1,75.0,1.24,1360.0,,,Bulb,CYAN,T5,6,FF,singolo,"(66.0, 78.0]"
112919,223.98606334841625,203.40533936651582,2500.0,240.0,N+1,75.0,1.24,1360.0,,,Bulb,CYAN,T5,6,FF,singolo,"(66.0, 78.0]"
114419,154.71403036072584,138.36552780451606,19000.0,800.0,Q,54.0,1.1,1350.0,,,Groove,,T5,4,CF,singolo,"(0.0, 56.0]"
114619,151.37526723136108,134.44250155245888,4000.0,736.0,Q,52.0,1.15,1350.0,1080,1080,Groove,,T5,4,CF,singolo,"(0.0, 56.0]"
115419,185.95860537392878,180.6464232252689,19000.0,160.0,Q,54.0,1.1,1350.0,,,Groove,,T5,4,CF,singolo,"(0.0, 56.0]"
115619,210.76232388254448,175.1843669946611,62000.0,96.0,Q,54.0,1.1,1080.0,,,Groove,,T5,4,CF,singolo,"(0.0, 56.0]"
115719,220.46592827004216,191.6664029535865,12000.0,128.0,Q,70.0,1.25,1080.0,,,Groove,,T5,4,CF,singolo,"(66.0, 78.0]"
115819,203.54429935665775,197.91188881780616,37600.0,288.0,Q,70.0,1.25,1080.0,,,Groove,,T5,4,CF,singolo,"(66.0, 78.0]"
116019,168.68886658347353,151.81948416789174,4000.0,224.0,Q,52.0,1.15,1350.0,1080,1080,Groove,,T5,4,CF,singolo,"(0.0, 56.0]"
116219,161.236189258312,105.6080051150895,4000.0,96.0,Q,52.0,1.15,1080.0,,,Groove,,T5,4,CF,singolo,"(0.0, 56.0]"
116419,204.3783462224866,106.50803093396787,2500.0,96.0,Q,70.0,1.25,1080.0,,,Groove,,T5,4,CF,singolo,"(66.0, 78.0]"
116519,216.38095238095238,153.04761904761904,2450.0,32.0,Q,70.0,1.25,1080.0,,,Staple,,T5,4,CF,singolo,"(66.0, 78.0]"
116619,157.36749898054507,144.84954492865995,41000.0,800.0,Q,54.0,1.1,1350.0,,,Groove,,T5,4,CF,singolo,"(0.0, 56.0]"
116719,168.72714840259636,164.48973526031318,41000.0,320.0,Q,54.0,1.1,1350.0,,,Groove,,T5,4,CF,singolo,"(0.0, 56.0]"
116819,258.86724193809755,251.90488575595526,41000.0,128.0,Q,70.0,1.25,1080.0,,,Groove,,T5,4,CF,singolo,"(66.0, 78.0]"
117319,119.42746546894618,79.48921273490238,3500.0,320.0,Q,70.0,1.0,1350.0,,,Groove,,T5,4,CF,singolo,"(66.0, 78.0]"
117419,176.90983028389041,151.22777257551692,3800.0,520.0,Q,54.0,1.1,1350.0,,,Groove,,T5,4,CF,singolo,"(0.0, 56.0]"
117619,148.64359256805236,111.09114416655375,5300.0,520.0,Q,54.0,1.1,1350.0,,,Groove,,T5,4,CF,singolo,"(0.0, 56.0]"
117719,89.85540372670809,61.34375665483584,2400.0,256.0,Q,80.0,1.3,1080.0,,,Groove,,T5,4,CF,singolo,
118219,144.42102700248182,111.50860971008439,1800.0,880.0,Q,54.0,1.05,1350.0,,,Groove,,T5,4,CF,singolo,"(0.0, 56.0]"
118419,150.96847285813487,138.88158407036553,22000.0,800.0,Q,54.0,0.95,1350.0,,,Groove,,T5,4,CF,singolo,"(0.0, 56.0]"
118519,218.52287945120983,189.0603586121891,22000.0,160.0,Q,80.0,1.0,1350.0,,,Groove,,T5,4,CF,singolo,
118819,146.37506700464618,125.39273686392877,30000.0,480.0,Q,70.0,1.0,1350.0,,,Groove,,T5,4,CF,singolo,"(66.0, 78.0]"
118919,236.66398121656962,212.0422909456187,30000.0,160.0,Q,70.0,1.0,1350.0,,,Groove,,T5,4,CF,singolo,"(66.0, 78.0]"
119419,120.60688729094502,99.36257893820346,2500.0,1000.0,Q,54.0,1.05,1350.0,,,Groove,,T5,4,CF,singolo,"(0.0, 56.0]"
121519,132.5755136941179,105.00124541996692,4500.0,936.0,Q,54.0,1.1,1350.0,,,Groove,,T5,6,FF,singolo,"(0.0, 56.0]"
123619,57.223894967777326,38.22690909090909,1700.0,288.0,Q,50.0,1.08,1350.0,1080,1080,Groove,,T5,4,CF,singolo,"(0.0, 56.0]"
124419,138.98666507403829,117.32754130315082,21500.0,784.0,Q,65.0,0.94,1350.0,1080,1080,Groove,,T5,4,CF,singolo,"(56.0, 66.0]"
124519,142.11820093163803,122.71203124009531,21500.0,160.0,Q,65.0,0.94,1350.0,,,Groove,,T5,4,CF,singolo,"(56.0, 66.0]"
124619,164.02547809667402,149.05226041113974,21500.0,304.0,Q,65.0,0.94,1350.0,1080,1080,Groove,,T5,4,CF,singolo,"(56.0, 66.0]"
125119,92.96001307262718,76.93367919268019,1800.0,896.0,Q,80.0,1.2,1120.0,,,Smooth,,T5,4,FF,stecca,
126519,141.63006018947314,100.17154713183052,1000.0,752.0,Q,60.0,1.0,1350.0,1080,1080,Groove,,T5,4,CF,singolo,"(56.0, 66.0]"
126719,218.7847134260178,151.65192359214097,1000.0,352.0,Q,70.0,1.3,1350.0,1080,1080,Groove,,T5,4,CF,singolo,"(66.0, 78.0]"
127219,135.2671047210084,114.84415628484624,8500.0,720.0,Q,60.0,1.0,1350.0,,,Groove,,T5,4,CF,singolo,"(56.0, 66.0]"
127319,246.11174293203695,159.54234373046037,8500.0,192.0,Q,60.0,1.0,1350.0,1080,1080,Groove,,T5,4,CF,singolo,"(56.0, 66.0]"
127419,253.39065750517187,191.43817600459636,8500.0,336.0,Q,70.0,1.3,1350.0,1080,1080,Groove,,T5,4,CF,singolo,"(66.0, 78.0]"
128319,158.522470200076,84.91210283575431,6000.0,160.0,Q,65.0,0.94,1350.0,,,Groove,,T5,4,CF,singolo,"(56.0, 66.0]"
128419,109.77349433666545,96.54155219207499,6000.0,768.0,Q,65.0,0.94,1350.0,810,810,Groove,,T5,4,CF,singolo,"(56.0, 66.0]"
130019,143.24117401303815,106.11114902875674,1500.0,560.0,Q,54.0,1.1,1350.0,,,Groove,,T5,4,CF,singolo,"(0.0, 56.0]"
131219,180.1535714285714,151.8772619047619,2000.0,288.0,N+1,75.0,1.27,1170.0,,,Bulb,P.BLU 300U,T5,6,FF,singolo,"(66.0, 78.0]"
131819,152.26436806513433,119.11412913137049,4000.0,512.0,Q,65.0,0.94,1350.0,1080,1080,Groove,,T5,4,CF,singolo,"(56.0, 66.0]"
131919,152.10444714395865,126.86091869497042,4000.0,320.0,Q,65.0,0.94,1350.0,,,Groove,,T5,4,CF,singolo,"(56.0, 66.0]"
132019,169.03333333333333,147.23333333333332,4000.0,48.0,Q,65.0,1.0,810.0,,,Staple,,T5,4,CF,singolo,"(56.0, 66.0]"
132119,153.77909372361384,123.09918159927447,1000.0,760.0,Q,60.0,1.0,1350.0,,,Groove,,T5,4,CF,singolo,"(56.0, 66.0]"
133519,143.0786277628391,127.19879488144693,6000.0,736.0,Q,60.0,1.0,1350.0,810,810,Groove,,T5,4,CF,singolo,"(56.0, 66.0]"
136119,146.07327279351088,130.80318729366348,6000.0,608.0,Q,65.0,0.94,1350.0,810,810,Groove,,T5,4,CF,singolo,"(56.0, 66.0]"
136219,179.07894736842104,164.71052631578948,6000.0,48.0,Q,65.0,1.0,810.0,,,Staple,,T5,4,CF,singolo,"(56.0, 66.0]"
136419,129.26524319874065,113.53042270658095,14000.0,720.0,Q,65.0,0.94,1350.0,,,Groove,,T5,4,CF,singolo,"(56.0, 66.0]"
136519,169.62320758736828,127.53189103199695,14000.0,648.0,Q,65.0,0.94,1350.0,1080,1080,Groove,,T5,4,CF,singolo,"(56.0, 66.0]"
136719,183.632183908046,177.4712643678161,14000.0,64.0,Q,65.0,0.93,1080.0,,,Staple,,T5,4,CF,singolo,"(56.0, 66.0]"
137419,141.66670972813364,120.79607683646975,33000.0,800.0,Q,65.0,0.94,1350.0,,,Groove,,T5,4,CF,singolo,"(56.0, 66.0]"
137519,118.12501261215837,73.86612734164963,33000.0,320.0,Q,65.0,0.94,1350.0,,,Groove,,T5,4,CF,singolo,"(56.0, 66.0]"
137619,149.27625748966884,137.6394110362626,33000.0,120.0,Q,65.0,0.94,1350.0,,,Groove,,T5,4,CF,singolo,"(56.0, 66.0]"
139219,139.0471563114658,116.48009385961798,1800.0,840.0,Q,65.0,0.94,1350.0,,,Groove,,T5,4,CF,singolo,"(56.0, 66.0]"
142819,161.5073320112169,130.93619679396414,6000.0,1168.0,Q,54.0,1.08,1350.0,1080,1080,Groove,,T5,4,CF,singolo,"(0.0, 56.0]"
143119,166.81547889414784,151.84238615786137,4000.0,1240.0,Q,54.0,1.08,1350.0,,,Groove,,T5,4,CF,singolo,"(0.0, 56.0]"
143219,159.4242632027767,141.67810379279948,4000.0,960.0,Q,54.0,1.1,1350.0,,,Groove,,T5,4,CF,singolo,"(0.0, 56.0]"
143419,151.64844670766783,110.4300869305049,5500.0,736.0,Q,54.0,1.1,1350.0,1080,1080,Groove,,T5,4,CF,singolo,"(0.0, 56.0]"
143819,158.32390416344825,140.39358195509004,5000.0,544.0,Q,54.0,1.1,1350.0,1080,1080,Groove,,T5,4,CF,singolo,"(0.0, 56.0]"
143919,158.8488590976501,142.3221687500284,3000.0,1120.0,Q,54.0,1.08,1350.0,,,Groove,,T5,4,CF,singolo,"(0.0, 56.0]"
144019,126.84874381570812,75.09965986394558,7000.0,208.0,Q,54.0,1.1,1350.0,1080,1080,Groove,,T5,4,CF,singolo,"(0.0, 56.0]"
144119,145.74730832155345,121.46511076416975,7000.0,736.0,Q,54.0,1.1,1350.0,1080,1080,Groove,,T5,4,CF,singolo,"(0.0, 56.0]"
144219,128.12499999999997,78.43749999999999,1000.0,736.0,Q,54.0,1.08,1350.0,1080,1080,Groove,,T5,4,CF,singolo,"(0.0, 56.0]"
144319,160.63032447043602,138.73008988943988,4500.0,1088.0,Q,54.0,1.1,1350.0,1080,1080,Groove,,T5,4,CF,singolo,"(0.0, 56.0]"
144519,158.78870105902683,139.52006137002888,9000.0,544.0,Q,54.0,1.1,1350.0,1080,1080,Groove,,T5,4,CF,singolo,"(0.0, 56.0]"
144919,158.2394586894587,142.31809116809117,4500.0,208.0,Q,54.0,1.1,1350.0,1080,1080,Groove,,T5,4,CF,singolo,"(0.0, 56.0]"
145219,130.9703139540338,100.61610296071359,9000.0,1088.0,Q,54.0,1.08,1350.0,1080,1080,Groove,,T5,4,CF,singolo,"(0.0, 56.0]"
145319,298.8862044817927,244.35206582633054,6000.0,160.0,Q,70.0,1.25,1350.0,,,Groove,,T5,4,CF,singolo,"(66.0, 78.0]"
145419,175.32923363705248,153.2309072713868,6000.0,896.0,Q,54.0,1.1,1350.0,1080,1080,Groove,,T5,4,CF,singolo,"(0.0, 56.0]"
147619,122.25678581609802,108.78330639080701,3000.0,480.0,Q,54.0,1.1,1350.0,1080,1080,Groove,,T5,4,CF,singolo,"(0.0, 56.0]"
147719,127.6939724310777,108.62335839598998,2000.0,1128.0,Q,54.0,1.1,1350.0,1080,1080,Groove,,T5,4,CF,singolo,"(0.0, 56.0]"
147819,175.76941597793993,143.25007991559232,19920.0,2052.0,N+1,40.0,1.17,1280.0,960,960,Groove,p199,T5,6,FF,singolo,"(0.0, 56.0]"
147919,158.53063042087888,126.82654349101554,2500.0,1024.0,Q,54.0,1.1,1350.0,1080,1080,Groove,,T5,4,CF,singolo,"(0.0, 56.0]"
149019,232.6456300465417,169.727916040118,3500.0,336.0,N+1,75.0,1.27,1360.0,,,Bulb,CYAN,T5,6,FF,singolo,"(66.0, 78.0]"
149119,252.08846153846153,168.89743589743588,2000.0,192.0,N+1,75.0,1.27,1360.0,,,Bulb,CYAN,T5,6,FF,singolo,"(66.0, 78.0]"
149219,219.62098612020674,175.00152272693975,5000.0,1584.0,N+1,75.0,1.27,1170.0,,,Bulb,P. BLU 300U,T5,6,FF,singolo,"(66.0, 78.0]"
149319,198.507317814342,119.51567080256984,1500.0,972.0,N+1,75.0,1.27,1170.0,,,Bulb,P.BLU  300U,T5,6,FF,singolo,"(66.0, 78.0]"
150619,59.53530567342448,28.323196605374825,10000.0,64.0,Q,80.0,1.2,1160.0,,,Staple,,T5,4,CF,singolo,
151019,295.5864935651109,244.96031469607794,32000.0,240.0,Q,80.0,0.92,1300.0,,,Groove,,T5,4,CF,singolo,
154219,131.41563819228477,96.10647876038823,3000.0,128.0,Q,75.0,0.0,1180.0,,,Groove,,T5,4,CF,singolo,"(66.0, 78.0]"
155619,155.0591040161884,107.51457856721281,2500.0,240.0,N,75.0,1.27,1360.0,,,Bulb,,T5,6,FF,singolo,"(66.0, 78.0]"
155919,97.9153369806177,32.539447094751175,3000.0,160.0,Q,100.0,1.24,1350.0,,,Smooth,,T5,4,FF,stecca,
158619,155.38877157788832,130.38897512616057,5000.0,1168.0,Q,54.0,1.1,1350.0,1080,1080,Groove,,T5,4,CF,singolo,"(0.0, 56.0]"
160319,235.43825301204816,94.69578313253012,22600.0,80.0,Q,70.0,1.25,1350.0,,,Groove,,T5,4,CF,singolo,"(66.0, 78.0]"
160519,160.24036051384127,147.44982043819334,12800.0,720.0,Q,54.0,1.1,1350.0,,,Groove,,T5,4,CF,singolo,"(0.0, 56.0]"
160819,135.48246785971045,123.46602130108322,2500.0,256.0,Q,54.0,1.1,1080.0,,,Groove,,T5,4,CF,singolo,"(0.0, 56.0]"
161119,100.60506370753507,91.50855450712397,17000.0,960.0,Q,54.0,1.1,1350.0,,,Groove,,T5,4,CF,singolo,"(0.0, 56.0]"
161319,163.76280569572114,122.70357104952686,7500.0,640.0,Q,54.0,1.1,1350.0,,,Groove,,T5,4,CF,singolo,"(0.0, 56.0]"
161619,111.53009657828461,93.72026765264866,5000.0,192.0,Q,70.0,1.25,1080.0,,,Groove,,T5,4,CF,singolo,"(66.0, 78.0]"
161719,302.6664141414141,244.51969696969692,5000.0,112.0,Q,54.0,1.1,1350.0,1080,1080,Groove,,T5,4,CF,singolo,"(0.0, 56.0]"
161819,146.65050284341265,108.2304914696302,39000.0,256.0,Q,54.0,1.1,1080.0,,,Groove,,T5,4,CF,singolo,"(0.0, 56.0]"
161919,148.37356690162505,120.15127986930585,39000.0,752.0,Q,54.0,1.1,1350.0,1080,1080,Groove,,T5,4,CF,singolo,"(0.0, 56.0]"
162119,173.15863857616796,117.32089179855332,14500.0,208.0,Q,70.0,1.25,1350.0,810,810,Groove,,T5,4,CF,singolo,"(66.0, 78.0]"
162319,169.40138858774003,147.1531250686557,63500.0,272.0,Q,54.0,1.1,1350.0,1080,1080,Groove,,T5,4,CF,singolo,"(0.0, 56.0]"
163417,231.28449613519948,182.164642076215,10000.0,816.0,N+1,80.0,1.2,1372.0,,,Smooth,P293,T5,6,FF,2stecca,
163519,85.65530385114045,49.40347391750163,5000.0,272.0,Q,54.0,1.1,1350.0,1080,1080,Groove,,T5,4,CF,singolo,"(0.0, 56.0]"
163619,184.28913741724304,163.2639623498446,23800.0,96.0,Q,70.0,1.25,1080.0,,,Groove,,T5,4,CF,singolo,"(66.0, 78.0]"
163719,289.0838709677419,224.16451612903222,4700.0,80.0,Q,70.0,1.25,1350.0,,,Groove,,T5,4,CF,singolo,"(66.0, 78.0]"
163819,127.74668945398939,111.43592451484248,4500.0,1240.0,Q,54.0,1.1,1350.0,,,Groove,,T5,4,CF,singolo,"(0.0, 56.0]"
164619,154.8859176613,135.27197297517455,4000.0,800.0,Q,54.0,1.1,1350.0,,,Groove,,T5,4,CF,singolo,"(0.0, 56.0]"
164719,159.48195084485405,120.70660522273424,4000.0,160.0,Q,54.0,1.1,1350.0,,,Groove,,T5,4,CF,singolo,"(0.0, 56.0]"
164819,157.66927593954247,107.70764535675382,4000.0,288.0,Q,70.0,1.25,1080.0,,,Groove,,T5,4,CF,singolo,"(66.0, 78.0]"
164919,173.71874999999997,118.03849085365852,4000.0,96.0,Q,54.0,1.1,1080.0,,,Groove,,T5,4,CF,singolo,"(0.0, 56.0]"
165019,158.79635790373257,131.30294101573674,6500.0,656.0,Q,54.0,1.1,1350.0,1080,1080,Groove,,T5,4,CF,singolo,"(0.0, 56.0]"
165619,75.31653505372006,55.986855910975216,1200.0,1200.0,Q,54.0,1.08,1350.0,,,Groove,,T5,4,CF,singolo,"(0.0, 56.0]"
165819,87.34677644455216,66.26595025991165,1000.0,1392.0,N+1,37.0,1.2,1264.0,,,Smooth,REFLEX BLEU,T5,6,FF,singolo,"(0.0, 56.0]"
169419,88.57894736842105,66.84210526315789,,,,,,,,,,,,,,,
169619,148.3131294111736,112.04972411639578,1850.0,728.0,Q,54.0,1.1,1350.0,1080,1080,Groove,,T5,4,CF,singolo,"(0.0, 56.0]"
170519,167.87446228944066,138.4997887485427,4000.0,800.0,Q,65.0,0.94,1350.0,,,Groove,,T5,4,CF,singolo,"(56.0, 66.0]"
170619,125.41769342822472,102.0733403956364,4000.0,320.0,Q,65.0,0.94,1350.0,,,Groove,,T5,4,CF,singolo,"(56.0, 66.0]"
170719,141.76191152789616,106.60400682011935,4000.0,120.0,Q,65.0,0.94,1350.0,,,Groove,,T5,4,CF,singolo,"(56.0, 66.0]"
171519,164.69732251727407,156.01091615165757,17000.0,128.0,Q,70.0,1.3,1104.0,,,Staple,,T5,4,CF,singolo,"(66.0, 78.0]"
171619,165.83758623133622,128.37332650457648,14000.0,128.0,Q,70.0,1.3,1104.0,,,Staple,,T5,4,CF,singolo,"(66.0, 78.0]"
172319,235.20260632193197,172.99724227946484,50900.0,80.0,Q,80.0,1.3,1290.0,,,Groove,,T5,4,CF,singolo,
172419,170.93378654224685,123.35565478360185,50900.0,80.0,Q,80.0,1.3,1290.0,,,Groove,,T5,4,CF,singolo,
172519,148.61042672528788,137.55394623316747,35900.0,112.0,Q,80.0,1.3,1112.0,834,834,Groove,,T5,4,CF,singolo,
172619,112.03371241452312,101.17990461325876,21900.0,112.0,Q,80.0,1.3,1112.0,834,834,Groove,,T5,4,CF,singolo,
172719,137.18193290855993,130.36143095536087,28300.0,128.0,Q,80.0,1.3,1072.0,,,Groove,,T5,4,CF,singolo,
172819,114.46858035249498,101.42083736149327,15150.0,128.0,Q,80.0,1.3,1072.0,,,Groove,,T5,4,CF,singolo,
173719,109.61252421184086,62.66886739557051,2000.0,240.0,N,75.0,1.27,1360.0,,,Bulb,,T5,6,FF,singolo,"(66.0, 78.0]"
173819,200.7288102509093,165.0011082570847,3000.0,1536.0,N+1,60.0,1.3,1372.0,,,Smooth,BLUE P.286U,T5,6,FF,singolo,"(56.0, 66.0]"
175019,161.51160984848485,141.99863636363636,6500.0,320.0,Q,65.0,0.94,1350.0,,,Groove,,T5,4,CF,singolo,"(56.0, 66.0]"
175119,150.91025919210225,126.79100249554936,4000.0,840.0,Q,65.0,0.94,1350.0,,,Groove,,T5,4,CF,singolo,"(56.0, 66.0]"
175219,138.7614556277056,115.11722402597402,4000.0,320.0,Q,65.0,0.94,1350.0,,,Groove,,T5,4,CF,singolo,"(56.0, 66.0]"
175919,240.19325509720247,221.9233700806069,8000.0,160.0,Q,90.0,1.27,1212.0,,,Smooth,,T5,4,CF,singolo,
176019,169.13573727657698,222.24088917161438,11000.0,160.0,Q,90.0,1.27,1212.0,,,Smooth,,T5,4,CF,singolo,
176119,140.2818043729124,100.86820451779141,2300.0,1168.0,Q,54.0,1.1,1350.0,1080,1080,Groove,,T5,4,CF,singolo,"(0.0, 56.0]"
178619,133.9049010713603,103.30480729291871,2500.0,1168.0,Q,54.0,1.1,1350.0,1080,1080,Groove,,T5,4,CF,singolo,"(0.0, 56.0]"
178719,102.96746212476751,76.1632654055255,1500.0,1120.0,Q,54.0,1.1,1350.0,,,Groove,,T5,4,CF,singolo,"(0.0, 56.0]"
178819,128.59135722510075,69.3047279792746,1500.0,128.0,Q,54.0,1.1,1080.0,,,Groove,,T5,4,CF,singolo,"(0.0, 56.0]"
180119,197.09954013377927,162.95510033444816,1500.0,336.0,N,75.0,1.27,1360.0,,,Bulb, ,T5,6,FF,singolo,"(66.0, 78.0]"
180519,223.04255583301904,176.00579086136625,8000.0,1040.0,Q,80.0,1.27,1372.0,,,Groove,,T5,4,FF,stecca,
182819,203.6135747873036,183.96047059352145,29000.0,160.0,Q,60.0,1.0,1080.0,,,Groove,,T5,4,CF,singolo,"(56.0, 66.0]"
182819,203.6135747873036,183.96047059352145,29000.0,160.0,Q,60.0,1.0,1080.0,,,Groove,,T5,4,CF,singolo,"(56.0, 66.0]"
182819,203.6135747873036,183.96047059352145,29000.0,160.0,Q,60.0,1.0,1080.0,,,Groove,,T5,4,CF,singolo,"(56.0, 66.0]"
182819,203.6135747873036,183.96047059352145,29000.0,160.0,Q,60.0,1.0,1080.0,,,Groove,,T5,4,CF,singolo,"(56.0, 66.0]"
182919,124.89473684210526,85.3157894736842,1500.0,816.0,Q,60.0,1.0,1350.0,1080,1080,Groove,,T5,4,CF,singolo,"(56.0, 66.0]"
182919,124.89473684210526,85.3157894736842,1500.0,816.0,Q,60.0,1.0,1350.0,1080,1080,Groove,,T5,4,CF,singolo,"(56.0, 66.0]"
182919,124.89473684210526,85.3157894736842,1500.0,816.0,Q,60.0,1.0,1350.0,1080,1080,Groove,,T5,4,CF,singolo,"(56.0, 66.0]"
182919,124.89473684210526,85.3157894736842,1500.0,816.0,Q,60.0,1.0,1350.0,1080,1080,Groove,,T5,4,CF,singolo,"(56.0, 66.0]"
183219,186.47473262032085,139.05561497326204,1500.0,496.0,Q,70.0,1.3,1350.0,1080,1080,Groove,,T5,4,CF,singolo,"(66.0, 78.0]"
183219,186.47473262032085,139.05561497326204,1500.0,496.0,Q,70.0,1.3,1350.0,1080,1080,Groove,,T5,4,CF,singolo,"(66.0, 78.0]"
183219,186.47473262032085,139.05561497326204,1500.0,496.0,Q,70.0,1.3,1350.0,1080,1080,Groove,,T5,4,CF,singolo,"(66.0, 78.0]"
183219,186.47473262032085,139.05561497326204,1500.0,496.0,Q,70.0,1.3,1350.0,1080,1080,Groove,,T5,4,CF,singolo,"(66.0, 78.0]"
183319,174.19766941864467,124.92878028404343,1500.0,192.0,Q,60.0,1.0,1080.0,,,Groove,,T5,4,CF,singolo,"(56.0, 66.0]"
183319,174.19766941864467,124.92878028404343,1500.0,192.0,Q,60.0,1.0,1080.0,,,Groove,,T5,4,CF,singolo,"(56.0, 66.0]"
183319,174.19766941864467,124.92878028404343,1500.0,192.0,Q,60.0,1.0,1080.0,,,Groove,,T5,4,CF,singolo,"(56.0, 66.0]"
183319,174.19766941864467,124.92878028404343,1500.0,192.0,Q,60.0,1.0,1080.0,,,Groove,,T5,4,CF,singolo,"(56.0, 66.0]"
184719,129.23799511404775,107.04427032227031,2000.0,800.0,Q,65.0,0.94,1350.0,,,Groove,,T5,4,CF,singolo,"(56.0, 66.0]"
184819,93.75675675675676,77.21621621621621,2000.0,48.0,Q,65.0,1.0,810.0,,,Staple,,T5,4,CF,singolo,"(56.0, 66.0]"
184919,110.59619912526415,84.09259497428381,2000.0,840.0,Q,65.0,0.94,1350.0,,,Groove,,T5,4,CF,singolo,"(56.0, 66.0]"
185019,87.15,72.075,2000.0,48.0,Q,65.0,1.0,835.0,,,Staple,,T5,4,CF,singolo,"(56.0, 66.0]"
185719,68.70128205128205,44.692307692307686,2300.0,160.0,Q,100.0,1.24,1350.0,,,Smooth,,T5,4,FF,stecca,
187219,127.27860723236664,63.3359649122807,1500.0,208.0,Q,70.0,1.25,1350.0,810,810,Groove,,T5,4,CF,singolo,"(66.0, 78.0]"
189519,151.51547028459981,131.24108152611848,2500.0,240.0,N,75.0,1.27,1360.0,,,Bulb,,T5,6,FF,singolo,"(66.0, 78.0]"
189619,211.56481385174507,174.81372656740743,1200.0,576.0,N,75.0,1.27,1360.0,,,Bulb,,T5,6,FF,singolo,"(66.0, 78.0]"
189819,117.6845238095238,71.76094276094277,1500.0,144.0,N,75.0,1.27,1360.0,,,Bulb,,T5,6,FF,singolo,"(66.0, 78.0]"
190419,172.6286082419649,115.63065489674727,3500.0,240.0,Q,80.0,1.27,1360.0,,,Groove,,T5,4,CF,singolo,
191419,79.92687441643322,54.047975023342666,1500.0,288.0,N,75.0,1.27,1360.0,,,Bulb,,T5,6,FF,singolo,"(66.0, 78.0]"
194619,203.6727272727273,133.76458333333335,3000.0,200.0,Q,65.0,0.94,1350.0,,,Groove,,T5,4,CF,singolo,"(56.0, 66.0]"
194719,142.0520701492618,103.92669471262451,3300.0,960.0,Q,65.0,0.94,1350.0,,,Groove,,T5,4,CF,singolo,"(56.0, 66.0]"
194819,162.95505768976884,123.5861510998944,3300.0,1080.0,Q,65.0,0.94,1350.0,,,Groove,,T5,4,CF,singolo,"(56.0, 66.0]"
194919,46.05913978494623,36.93548387096774,3300.0,64.0,Q,65.0,0.94,1080.0,,,Staple,,T5,4,CF,singolo,"(56.0, 66.0]"
197419,127.77297867063493,100.42219023176902,3300.0,544.0,Q,65.0,0.94,1350.0,1080,1080,Groove,,T5,4,CF,singolo,"(56.0, 66.0]"
197519,160.342578751362,120.60916195658703,3300.0,640.0,Q,65.0,0.94,1350.0,,,Groove,,T5,4,CF,singolo,"(56.0, 66.0]"
197619,170.08695652173913,153.6086956521739,3300.0,64.0,Q,65.0,0.93,1080.0,,,Staple,,T5,4,CF,singolo,"(56.0, 66.0]"
199119,138.3939847786622,81.73790322580645,2000.0,160.0,Q,110.0,1.24,1080.0,,,Smooth,,T5,4,FF,stecca,
201319,105.78545096003651,95.61559211324628,6070.0,864.0,N,60.0,1.15,1050.0,,,Groove,,T5,6,FF,singolo,"(56.0, 66.0]"
202119,179.26267669712593,149.58432759576914,2800.0,520.0,Q,80.0,1.24,1300.0,,,Groove,,T5,4,CF,singolo,
202319,195.45415047915048,133.37656047656046,5000.0,192.0,N,70.0,1.8,1168.0,,,Smooth,,T5,4,FF,stecca,"(66.0, 78.0]"
204419,150.21778711484592,112.87535014005601,1500.0,96.0,N,80.0,1.24,1080.0,,,Groove,,T5,4,CF,singolo,
205219,82.30576441102757,42.70175438596491,2000.0,80.0,Q,75.0,1.25,1350.0,,,Groove,,T5,4,CF,singolo,"(66.0, 78.0]"
205319,134.69568204797318,93.20230092166366,2000.0,1080.0,Q,54.0,1.1,1350.0,,,Groove,,T5,4,CF,singolo,"(0.0, 56.0]"
205819,153.43169761273208,109.95954907161803,2400.0,96.0,Q,54.0,1.1,1080.0,,,Groove,,T5,4,CF,singolo,"(0.0, 56.0]"
205919,51.17019837174635,34.48048102281848,3200.0,160.0,Q,54.0,1.1,1350.0,,,Groove,,T5,4,CF,singolo,"(0.0, 56.0]"
206119,126.00041404902886,105.6147601579824,3400.0,800.0,Q,54.0,1.1,1350.0,,,Groove,,T5,4,CF,singolo,"(0.0, 56.0]"
206419,99.5264788574885,79.50829922314333,12000.0,992.0,N+1,70.0,1.33,1140.0,912,912,Smooth,P072U,T5,4,FF,stecca,"(66.0, 78.0]"
206619,112.09099253300138,95.11102138081722,2000.0,1088.0,Q,54.0,1.1,1350.0,1080,1080,Groove,,T5,4,CF,singolo,"(0.0, 56.0]"
207019,213.8314428589156,158.24602080466417,2000.0,576.0,Q,90.0,0.9,1180.0,,,Groove,,T5,6,FF,singolo,
207119,256.5165697563715,180.81081030941857,6000.0,400.0,Q,80.0,1.25,1370.0,,,Groove,,T5,4,CF,singolo,
208419,74.86073406924473,48.228476461773695,2000.0,1384.0,N,40.0,1.17,1330.0,1064,1064,Smooth,,T5,4,FF,stecca,"(0.0, 56.0]"
208519,190.95078255078258,137.02571317571318,1000.0,440.0,N,70.0,1.25,1350.0,,,Smooth,,T5,4,CF,singolo,"(66.0, 78.0]"
212719,137.98244980213533,106.12594802330212,5000.0,600.0,N,90.0,1.25,1190.0,,,Smooth,,T5,4,CF,singolo,
212819,189.44984411528395,149.0998995454949,9000.0,160.0,Q,80.0,1.25,1350.0,,,Groove,,T5,4,CF,singolo,
212919,284.2764255611938,276.2816289670594,20000.0,160.0,Q,80.0,1.25,1350.0,,,Groove,,T5,4,CF,singolo,
213019,231.89435163474437,134.1871940664367,7000.0,200.0,Q,80.0,1.25,1350.0,,,Groove,,T5,4,CF,singolo,
213119,166.7073823594984,148.11652467572338,12000.0,160.0,Q,80.0,1.25,1350.0,,,Groove,,T5,4,CF,singolo,
213219,247.2458823889344,199.15254440903513,12000.0,864.0,N+1,70.0,1.3,1372.0,,,Smooth,P242,T5,6,FF,2stecca,"(66.0, 78.0]"
213319,232.75774598091132,176.26439274400522,36000.0,864.0,N+1,70.0,1.3,1372.0,,,Smooth,P194,T5,6,FF,2stecca,"(66.0, 78.0]"
213419,202.71090293380036,175.8154226387584,58000.0,864.0,N+1,80.0,1.3,1372.0,,,Smooth,P072,T5,6,FF,2stecca,
213519,251.17006132243054,209.14693651963833,11000.0,864.0,N+1,70.0,1.3,1372.0,,,Smooth,P348,T5,6,FF,2stecca,"(66.0, 78.0]"
222019,215.93010417643146,135.09034017732108,8000.0,480.0,Q,80.0,1.27,1300.0,,,Groove,,T5,4,CF,singolo,
222219,215.03093988364577,183.93218315018316,11000.0,816.0,N+1,70.0,1.3,1372.0,,,Smooth,P072U,T5,6,FF,2stecca,"(66.0, 78.0]"
230219,126.57655461441357,105.25416150302547,3300.0,1200.0,N,50.0,1.25,1312.0,,,Smooth,,T5,6,FF,singolo,"(0.0, 56.0]"
231419,176.23605561105563,0.11507936507936509,4500.0,1064.0,Q,54.0,1.1,1350.0,1080,1080,Groove,,T5,4,CF,singolo,"(0.0, 56.0]"
232719,178.0941575310468,124.6986015813243,2500.0,672.0,Q,54.0,1.1,1350.0,1080,1080,Groove,,T5,4,CF,singolo,"(0.0, 56.0]"
233019,174.61193259870439,129.63755077090076,2500.0,736.0,Q,54.0,1.1,1350.0,1080,1080,Groove,,T5,4,CF,singolo,"(0.0, 56.0]"
233519,151.71070812930262,25.128163771712156,1000.0,880.0,Q,54.0,1.1,1350.0,,,Groove,,T5,4,CF,singolo,"(0.0, 56.0]"
234619,129.55503023216806,90.14477315861944,,,,,,,,,,,,,,,
236319,180.19932438851075,104.7445705890473,2300.0,1600.0,Q,70.0,1.2,1372.0,,,Groove,,T5,4,FF,stecca,"(66.0, 78.0]"
236719,110.93738905201958,76.01099091481125,,,,,,,,,,,,,,,
237017,154.90639249639247,96.67604617604619,1500.0,400.0,N,70.0,1.25,1350.0,,,Groove,,T5,4,FF,stecca,"(66.0, 78.0]"
237117,147.25925925925927,124.88888888888889,1500.0,160.0,N,70.0,1.25,1350.0,,,Groove,,T5,4,FF,stecca,"(66.0, 78.0]"
240919,204.8150292608626,170.87484567901234,5000.0,736.0,N+1,80.0,1.27,1120.0,840,840,Groove,P.REFLEX BLEU U,T5,4,FF,stecca,
243919,209.71328671328672,149.94522144522145,2000.0,160.0,Q,90.0,2.0,960.0,,,Smooth,,T5,4,CF,stecca,
244019,102.73641907213336,77.75770055770056,3000.0,256.0,Q,80.0,1.25,1180.0,,,Groove,,T5,4,CF,singolo,
244119,103.53965156160481,29.75026498538012,3000.0,64.0,N,80.0,1.25,1180.0,,,Staple,,T5,4,CF,singolo,
245719,122.73015572227301,96.0247505854935,,,,,,,,,,,,,,,
245819,96.5727561942774,60.10388157440044,,,,,,,,,,,,,,,
246617,175.08525923598916,158.68232148718312,8000.0,1120.0,Q,54.0,1.1,1350.0,,,Groove,,T5,4,CF,singolo,"(0.0, 56.0]"
247217,159.80464749523583,145.70731124546515,8000.0,192.0,Q,54.0,1.1,1080.0,,,Groove,,T5,4,CF,singolo,"(0.0, 56.0]"
248319,71.22174560041408,45.768633540372676,3000.0,168.0,N,65.0,1.5,1188.0,792,792,Smooth,,T5,6,FF,singolo,"(56.0, 66.0]"
250519,133.8601924165252,103.6881862586574,2000.0,800.0,Q,65.0,0.94,1350.0,,,Groove,,T5,4,CF,singolo,"(56.0, 66.0]"
250619,152.3115053763441,97.8845448028674,2000.0,320.0,Q,65.0,0.94,1350.0,,,Groove,,T5,4,CF,singolo,"(56.0, 66.0]"
250719,111.56763285024154,68.4927536231884,2000.0,120.0,Q,65.0,0.94,1350.0,,,Groove,,T5,4,CF,singolo,"(56.0, 66.0]"
250819,141.7783997622456,112.202101884112,3000.0,800.0,Q,65.0,0.94,1350.0,,,Groove,,T5,4,CF,singolo,"(56.0, 66.0]"
250919,157.01031468531468,137.54986013986013,3000.0,320.0,Q,65.0,0.94,1350.0,,,Groove,,T5,4,CF,singolo,"(56.0, 66.0]"
251019,181.63003663003664,143.8937728937729,3000.0,120.0,Q,65.0,0.94,1350.0,,,Groove,,T5,4,CF,singolo,"(56.0, 66.0]"
251119,141.9279902746335,113.90612330786867,2000.0,760.0,Q,65.0,0.94,1350.0,,,Groove,,T5,4,CF,singolo,"(56.0, 66.0]"
251219,123.744417989418,94.67249094959621,2000.0,680.0,Q,65.0,0.94,1350.0,,,Groove,,T5,4,CF,singolo,"(56.0, 66.0]"
251319,173.95238095238096,128.65238095238095,2000.0,120.0,Q,65.0,0.94,1350.0,,,Groove,,T5,4,CF,singolo,"(56.0, 66.0]"
251419,163.15355898192504,130.37541241590236,2500.0,760.0,Q,65.0,0.94,1350.0,,,Groove,,T5,4,CF,singolo,"(56.0, 66.0]"
251519,136.8015673486786,113.57802557544755,2500.0,680.0,Q,65.0,0.94,1350.0,,,Groove,,T5,4,CF,singolo,"(56.0, 66.0]"
251619,184.88181818181818,160.10303030303032,2500.0,120.0,Q,65.0,0.94,1350.0,,,Groove,,T5,4,CF,singolo,"(56.0, 66.0]"
251719,146.26443609022556,114.10691581225792,2000.0,840.0,Q,65.0,0.94,1350.0,,,Groove,,T5,4,CF,singolo,"(56.0, 66.0]"
251819,107.78465608465608,79.07771164021163,2000.0,320.0,Q,65.0,0.94,1350.0,,,Groove,,T5,4,CF,singolo,"(56.0, 66.0]"
251919,143.05195907655147,121.37760327685601,2500.0,840.0,Q,65.0,0.94,1350.0,,,Groove,,T5,4,CF,singolo,"(56.0, 66.0]"
252019,133.20289855072463,120.24230072463767,2500.0,320.0,Q,65.0,0.94,1350.0,,,Groove,,T5,4,CF,singolo,"(56.0, 66.0]"
254119,163.93174962292608,131.44469582704878,1500.0,240.0,N,75.0,1.27,1360.0,,,Bulb,,T5,6,FF,singolo,"(66.0, 78.0]"
255219,197.17921540286116,182.14309799125343,,,,,,,,,,,,,,,
255319,206.24322801954384,175.40664793296375,,,,,,,,,,,,,,,
255619,120.05336257309939,93.51769005847953,1500.0,624.0,N,60.0,1.0,1350.0,1080,1080,Smooth,,T5,4,CF,singolo,"(56.0, 66.0]"
255719,226.7106833682955,192.00376276820515,,,,,,,,,,,,,,,
255919,168.2624521072797,150.9022988505747,2000.0,288.0,N,75.0,1.27,1360.0,,,Bulb,,T5,6,FF,singolo,"(66.0, 78.0]"
257819,145.3210351262015,94.48061580800517,,,,,,,,,,,,,,,
259119,174.69360647516655,124.9615275934818,15000.0,160.0,Q,80.0,1.25,1350.0,,,Groove,,T5,4,CF,singolo,
259719,129.02791330579052,108.78814020591513,,,,,,,,,,,,,,,
260219,161.86238636074125,143.79303046859803,,,,,,,,,,,,,,,
260419,147.0041314493593,116.22184624708085,,,,,,,,,,,,,,,
284919,269.76110619686466,165.39301685586517,,,,,,,,,,,,,,,
456918,153.60807222347543,106.55033482646385,1500.0,672.0,N,75.0,1.27,1360.0,,,Bulb,,T5,6,FF,singolo,"(66.0, 78.0]"
473118,94.72604295760833,48.63767696203689,1400.0,1296.0,N+1,40.0,1.14,1272.0,,,Groove,P 369U -VERDE,T5,6,FF,singolo,"(0.0, 56.0]"
485918,117.33207445651189,92.67997308052571,2400.0,1680.0,N+1,40.0,1.2,1264.0,,,Smooth,P021,T5,6,FF,singolo,"(0.0, 56.0]"
486018,230.1500003129857,180.88252864067474,8950.0,240.0,Q,80.0,1.0,1350.0,,,Smooth,,T5,4,CF,singolo,
486118,201.68748526808827,78.70619247307228,8450.0,360.0,Q,80.0,1.0,1350.0,,,Smooth,,T5,4,CF,singolo,
487318,142.8842342342342,127.76441441441442,4000.0,128.0,N,80.0,1.0,1080.0,,,Groove,,T5,4,CF,singolo,
488018,1062.2250356161856,888.3594882533703,8000.0,880.0,Q,54.0,1.05,1350.0,,,Groove,,T5,4,CF,singolo,"(0.0, 56.0]"
493318,189.84451696766962,167.67332779570307,35000.0,2052.0,N+1,40.0,1.18,1280.0,960,960,Groove,p199,T5,6,FF,singolo,"(0.0, 56.0]"
494118,235.93577144904785,199.4819508907242,10000.0,840.0,N,70.0,1.3,1372.0,1029,1029,Smooth,,T5,6,FF,2stecca,"(66.0, 78.0]"
494218,249.67777777777775,188.23333333333335,5000.0,840.0,N,70.0,1.27,1372.0,1029,1029,Smooth,,T5,6,FF,2stecca,"(66.0, 78.0]"
497418,147.62391774891773,107.98593073593072,2500.0,192.0,N+1,75.0,1.27,1360.0,,,Bulb,cyan,T5,6,FF,singolo,"(66.0, 78.0]"
497518,185.91695804195805,146.36447552447552,1500.0,384.0,N,75.0,1.27,1360.0,,,Bulb,,T5,6,FF,singolo,"(66.0, 78.0]"
497718,200.57407407407405,181.24298540965208,2000.0,288.0,N,75.0,1.27,1360.0,,,Bulb,,T5,6,FF,singolo,"(66.0, 78.0]"
497818,165.1539107430412,131.37386243386243,2000.0,288.0,N,75.0,1.27,1360.0,,,Bulb,,T5,6,FF,singolo,"(66.0, 78.0]"
500618,167.0032473068279,136.91082586690803,1500.0,432.0,N,75.0,1.27,1170.0,,,Bulb,,T5,6,FF,singolo,"(66.0, 78.0]"
500718,192.92979797979797,165.85949494949494,1500.0,360.0,N,75.0,1.27,1170.0,,,Bulb,,T5,6,FF,singolo,"(66.0, 78.0]"
500818,198.01637864823346,184.0853494623656,2500.0,288.0,N,75.0,1.27,1170.0,,,Bulb,,T5,6,FF,singolo,"(66.0, 78.0]"
500918,109.32928064842959,55.69300911854103,6000.0,96.0,Q,100.0,1.27,800.0,,,Smooth,,T5,4,FF,stecca,
506818,232.83666567430154,176.46459842995168,4500.0,320.0,Q,90.0,1.24,1372.0,,,Smooth,,T5,4,CF,singolo,
507018,206.70499350255108,136.7688122111414,5000.0,224.0,Q,90.0,1.24,1372.0,1098,1098,Smooth,,T5,4,CF,singolo,
507218,163.08346083140603,106.12021643374383,5000.0,208.0,Q,90.0,1.24,1372.0,"1097,6","1097,6",Smooth,,T5,4,CF,singolo,
507318,230.96943341330905,204.82917252695734,5000.0,224.0,Q,90.0,1.24,1372.0,1098,1098,Smooth,,T5,4,CF,singolo,
510218,171.1470992200715,91.2387539108696,3000.0,160.0,Q,110.0,1.24,1350.0,,,Smooth,,T5,4,FF,stecca,
510518,261.31698084524174,146.50652173913042,10000.0,336.0,Q,80.0,1.27,1372.0,,,Smooth,,T5,6,FF,2stecca,
510618,242.94944444444442,189.74388888888885,4300.0,336.0,Q,80.0,1.27,1372.0,,,Smooth,,T5,6,FF,2stecca,
510618,242.94944444444442,189.74388888888885,4300.0,336.0,Q,80.0,1.27,1372.0,,,Smooth,,T5,6,FF,2stecca,
510618,242.94944444444442,189.74388888888885,4300.0,336.0,Q,80.0,1.27,1372.0,,,Smooth,,T5,6,FF,2stecca,
510618,242.94944444444442,189.74388888888885,4300.0,336.0,Q,80.0,1.27,1372.0,,,Smooth,,T5,6,FF,2stecca,
510718,213.32359625668448,128.64026292335117,4200.0,336.0,Q,80.0,1.27,1372.0,,,Smooth,,T5,6,FF,2stecca,
510718,213.32359625668448,128.64026292335117,4200.0,336.0,Q,80.0,1.27,1372.0,,,Smooth,,T5,6,FF,2stecca,
510718,213.32359625668448,128.64026292335117,4200.0,336.0,Q,80.0,1.27,1372.0,,,Smooth,,T5,6,FF,2stecca,
510718,213.32359625668448,128.64026292335117,4200.0,336.0,Q,80.0,1.27,1372.0,,,Smooth,,T5,6,FF,2stecca,
510818,183.05179573512908,117.4433060766394,8000.0,816.0,N+1,70.0,1.29,1372.0,,,Smooth,P072,T5,6,FF,2stecca,"(66.0, 78.0]"
510918,252.565974020585,210.19970398694417,6000.0,816.0,N+1,70.0,1.29,1372.0,,,Smooth,P215U,T5,6,FF,2stecca,"(66.0, 78.0]"
511018,272.42513057787244,215.66640152988666,41000.0,960.0,1,60.0,1.3,1372.0,,,Smooth,P287U,T5,6,FF,2stecca,"(56.0, 66.0]"
511018,272.42513057787244,215.66640152988666,41000.0,960.0,1,60.0,1.3,1372.0,,,Smooth,P287U,T5,6,FF,2stecca,"(56.0, 66.0]"
511018,272.42513057787244,215.66640152988666,41000.0,960.0,1,60.0,1.3,1372.0,,,Smooth,P287U,T5,6,FF,2stecca,"(56.0, 66.0]"
511018,272.42513057787244,215.66640152988666,41000.0,960.0,1,60.0,1.3,1372.0,,,Smooth,P287U,T5,6,FF,2stecca,"(56.0, 66.0]"
511218,154.68485822368794,124.29095425050228,65000.0,800.0,N+1,70.0,1.3,1140.0,,,Smooth,P215,T5,4,FF,stecca,"(66.0, 78.0]"
511218,154.68485822368794,124.29095425050228,65000.0,800.0,N+1,70.0,1.3,1140.0,,,Smooth,P215,T5,4,FF,stecca,"(66.0, 78.0]"
511218,154.68485822368794,124.29095425050228,65000.0,800.0,N+1,70.0,1.3,1140.0,,,Smooth,P215,T5,4,FF,stecca,"(66.0, 78.0]"
511218,154.68485822368794,124.29095425050228,65000.0,800.0,N+1,70.0,1.3,1140.0,,,Smooth,P215,T5,4,FF,stecca,"(66.0, 78.0]"
511918,108.7309548227641,89.59266590089483,3000.0,736.0,N,70.0,1.3,1140.0,912,912,Smooth,,T5,4,FF,stecca,"(66.0, 78.0]"
511918,108.7309548227641,89.59266590089483,3000.0,736.0,N,70.0,1.3,1140.0,912,912,Smooth,,T5,4,FF,stecca,"(66.0, 78.0]"
511918,108.7309548227641,89.59266590089483,3000.0,736.0,N,70.0,1.3,1140.0,912,912,Smooth,,T5,4,FF,stecca,"(66.0, 78.0]"
511918,108.7309548227641,89.59266590089483,3000.0,736.0,N,70.0,1.3,1140.0,912,912,Smooth,,T5,4,FF,stecca,"(66.0, 78.0]"
512918,113.81095038493196,95.26565281776887,,,,,,,,,,,,,,,
513118,176.7081547901798,152.01179591865287,78000.0,1040.0,N+1,60.0,1.29,1170.0,,,Groove,P2736U,T5,4,FF,stecca,"(56.0, 66.0]"
513118,176.7081547901798,152.01179591865287,78000.0,1040.0,N+1,60.0,1.29,1170.0,,,Groove,P2736U,T5,4,FF,stecca,"(56.0, 66.0]"
513118,176.7081547901798,152.01179591865287,78000.0,1040.0,N+1,60.0,1.29,1170.0,,,Groove,P2736U,T5,4,FF,stecca,"(56.0, 66.0]"
513118,176.7081547901798,152.01179591865287,78000.0,1040.0,N+1,60.0,1.29,1170.0,,,Groove,P2736U,T5,4,FF,stecca,"(56.0, 66.0]"
518618,246.5037008630956,219.17471270656077,18000.0,744.0,N,70.0,1.3,1372.0,1029,1029,Smooth,,T5,6,FF,2stecca,"(66.0, 78.0]"
518718,219.16666666666666,165.61111111111111,2500.0,672.0,N,70.0,1.3,1372.0,,,Smooth,,T5,6,FF,2stecca,"(66.0, 78.0]"
518818,225.0186587750541,212.73596984934193,18000.0,672.0,N,70.0,1.3,1372.0,,,Smooth,,T5,6,FF,2stecca,"(66.0, 78.0]"
519018,170.46994234019286,86.83439153439151,2000.0,648.0,N,60.0,1.27,1372.0,1029,1029,Smooth,,T5,6,FF,2stecca,"(56.0, 66.0]"
519418,254.8133950260266,184.77333333333334,5000.0,744.0,N,70.0,1.3,1372.0,1029,1029,Smooth,,T5,6,FF,2stecca,"(66.0, 78.0]"
519718,272.45454545454544,207.63636363636363,4000.0,744.0,N,70.0,1.3,1372.0,1029,1029,Smooth,,T5,6,FF,2stecca,"(66.0, 78.0]"
521418,178.90520521143262,169.20894465312242,12000.0,960.0,Q,54.0,1.1,1350.0,,,Groove,,T5,4,CF,singolo,"(0.0, 56.0]"
522118,154.89186031011926,132.51117951535838,4600.0,1240.0,Q,49.0,1.08,1350.0,,,Groove,,T5,4,CF,singolo,"(0.0, 56.0]"
522218,161.050421864592,123.24156247430041,17000.0,1088.0,Q,54.0,1.1,1350.0,1080,1080,Groove,,T5,4,CF,singolo,"(0.0, 56.0]"
523718,317.77777777777777,280.6222222222222,6000.0,80.0,Q,70.0,1.25,1350.0,,,Groove,,T5,4,CF,singolo,"(66.0, 78.0]"
523818,85.9962686567164,71.72636815920397,6000.0,80.0,Q,70.0,1.25,1350.0,,,Groove,,T5,4,CF,singolo,"(66.0, 78.0]"
523918,317.77272727272725,288.79545454545456,6000.0,80.0,Q,70.0,1.25,1350.0,,,Groove,,T5,4,CF,singolo,"(66.0, 78.0]"
524018,314.31466989377435,236.90428936399084,14000.0,80.0,Q,70.0,1.25,1350.0,,,Groove,,T5,4,CF,singolo,"(66.0, 78.0]"
524118,203.94145975582805,191.98501859631963,17000.0,192.0,Q,70.0,1.25,1080.0,,,Groove,,T5,4,CF,singolo,"(66.0, 78.0]"
524218,312.5190763287864,239.9977496236238,29000.0,160.0,Q,70.0,1.25,1350.0,,,Groove,,T5,4,CF,singolo,"(66.0, 78.0]"
524518,312.47916666666663,286.3833333333333,12000.0,112.0,Q,54.0,1.1,1350.0,1080,1080,Groove,,T5,4,CF,singolo,"(0.0, 56.0]"
526718,129.47133125087677,101.97538587498464,7000.0,640.0,Q,54.0,1.1,1350.0,,,Groove,,T5,4,CF,singolo,"(0.0, 56.0]"
526818,134.70166169813635,109.88591155294712,2500.0,768.0,Q,65.0,0.94,1350.0,810,810,Groove,,T5,4,CF,singolo,"(56.0, 66.0]"
527018,180.4358702910803,106.99519381149028,2000.0,352.0,Q,65.0,0.94,1350.0,1080,1080,Groove,,T5,4,CF,singolo,"(56.0, 66.0]"
527118,173.38636363636363,163.11363636363637,7000.0,80.0,Q,65.0,0.94,1350.0,,,Staple,,T5,4,CF,singolo,"(56.0, 66.0]"
527218,174.39732431434112,143.34395735217163,7000.0,544.0,Q,65.0,0.94,1350.0,1080,1080,Groove,,T5,4,CF,singolo,"(56.0, 66.0]"
527618,189.55357142857142,176.16071428571428,9500.0,48.0,Q,65.0,1.0,810.0,,,Staple,,T5,4,CF,singolo,"(56.0, 66.0]"
527718,167.2410474237542,134.70474888520002,2500.0,544.0,Q,65.0,0.94,1350.0,1080,1080,Groove,,T5,4,CF,singolo,"(56.0, 66.0]"
527818,173.29974906046337,122.70923005565864,2500.0,544.0,Q,65.0,0.94,1350.0,1080,1080,Groove,,T5,4,CF,singolo,"(56.0, 66.0]"
527918,58.58429118773946,48.53448275862069,2500.0,48.0,Q,65.0,1.0,810.0,,,Staple,,T5,4,CF,singolo,"(56.0, 66.0]"
531918,156.32236970980333,138.23633022892488,5000.0,720.0,Q,65.0,0.94,1350.0,,,Groove,,T5,4,CF,singolo,"(56.0, 66.0]"
532018,155.60838232594094,116.75327866522879,5000.0,648.0,Q,65.0,0.94,1350.0,1080,1080,Groove,,T5,4,CF,singolo,"(56.0, 66.0]"
532118,182.9280890789301,168.93862484494653,5000.0,320.0,Q,65.0,0.94,1350.0,,,Groove,,T5,4,CF,singolo,"(56.0, 66.0]"
532218,158.1676470588235,117.00882352941176,5000.0,64.0,Q,65.0,0.93,1080.0,,,Staple,,T5,4,CF,singolo,"(56.0, 66.0]"
532518,151.65343608402958,95.13483216354173,5000.0,384.0,Q,90.0,1.3,1212.0,,,Bulb,,T5,6,FF,singolo,
532918,196.51982357686214,158.57587381928624,26000.0,272.0,Q,54.0,1.1,1350.0,1080,1080,Groove,,T5,4,CF,singolo,"(0.0, 56.0]"
533318,172.4114476742136,129.5616150629061,5000.0,800.0,Q,54.0,1.0,1350.0,,,Groove,,T5,4,CF,singolo,"(0.0, 56.0]"
533418,104.45488215488216,78.79318181818182,5000.0,160.0,Q,60.0,1.0,1350.0,,,Groove,,T5,4,CF,singolo,"(56.0, 66.0]"
533618,149.97533282130058,111.3936251920123,4000.0,280.0,Q,60.0,1.0,1350.0,,,Groove,,T5,4,CF,singolo,"(56.0, 66.0]"
533818,246.85593354014406,159.08172091066828,24500.0,120.0,Q,54.0,1.0,1350.0,,,Groove,,T5,4,CF,singolo,"(0.0, 56.0]"
534218,124.43956043956045,104.62271062271061,4000.0,160.0,Q,65.0,0.94,1350.0,,,Groove,,T5,4,CF,singolo,"(56.0, 66.0]"
